id,firstname,lastname,email,email2,profession,Field Name,Field Name,Field Name
100,Claudina,Pozzy,Claudina.Pozzy@yopmail.com,Claudina.Pozzy@gmail.com,police officer,1,1,1
101,Maye,Schroth,Maye.Schroth@yopmail.com,Maye.Schroth@gmail.com,worker,2,2,2
102,Trudie,Ferrell,Trudie.Ferrell@yopmail.com,Trudie.Ferrell@gmail.com,worker,3,3,3
103,Jerry,Faso,Jerry.Faso@yopmail.com,Jerry.Faso@gmail.com,developer,4,4,4
104,Elora,Fadiman,Elora.Fadiman@yopmail.com,Elora.Fadiman@gmail.com,police officer,5,5,5
105,Jan,Tomasina,Jan.Tomasina@yopmail.com,Jan.Tomasina@gmail.com,firefighter,6,6,6
106,Dagmar,Hessler,Dagmar.Hessler@yopmail.com,Dagmar.Hessler@gmail.com,police officer,7,7,7
107,Tressa,Lory,Tressa.Lory@yopmail.com,Tressa.Lory@gmail.com,police officer,8,8,8
108,Dotty,Regan,Dotty.Regan@yopmail.com,Dotty.Regan@gmail.com,doctor,9,9,9
109,Jan,Taima,Jan.Taima@yopmail.com,Jan.Taima@gmail.com,developer,10,10,10
110,Lynnea,Stefa,Lynnea.Stefa@yopmail.com,Lynnea.Stefa@gmail.com,developer,11,11,11
111,Jobi,Ietta,Jobi.Ietta@yopmail.com,Jobi.Ietta@gmail.com,firefighter,12,12,12
112,Fanchon,Mauer,Fanchon.Mauer@yopmail.com,Fanchon.Mauer@gmail.com,developer,13,13,13
113,Mallory,Naashom,Mallory.Naashom@yopmail.com,Mallory.Naashom@gmail.com,developer,14,14,14
114,Orelia,O'Carroll,Orelia.O'Carroll@yopmail.com,Orelia.O'Carroll@gmail.com,firefighter,15,15,15
115,Steffane,Gillan,Steffane.Gillan@yopmail.com,Steffane.Gillan@gmail.com,firefighter,16,16,16
116,Bibby,Woodberry,Bibby.Woodberry@yopmail.com,Bibby.Woodberry@gmail.com,doctor,17,17,17
117,Darci,Phi,Darci.Phi@yopmail.com,Darci.Phi@gmail.com,firefighter,18,18,18
118,Babita,Ietta,Babita.Ietta@yopmail.com,Babita.Ietta@gmail.com,firefighter,19,19,19
119,Merci,Pernick,Merci.Pernick@yopmail.com,Merci.Pernick@gmail.com,police officer,20,20,20
120,Tamqrah,Earlie,Tamqrah.Earlie@yopmail.com,Tamqrah.Earlie@gmail.com,firefighter,21,21,21
121,Jere,Dudley,Jere.Dudley@yopmail.com,Jere.Dudley@gmail.com,firefighter,22,22,22
122,Agnese,Hilbert,Agnese.Hilbert@yopmail.com,Agnese.Hilbert@gmail.com,developer,23,23,23
123,Noelle,Montgomery,Noelle.Montgomery@yopmail.com,Noelle.Montgomery@gmail.com,doctor,24,24,24
124,Vinita,Tamar,Vinita.Tamar@yopmail.com,Vinita.Tamar@gmail.com,doctor,25,25,25
125,Jere,Merna,Jere.Merna@yopmail.com,Jere.Merna@gmail.com,police officer,26,26,26
126,Lynnea,Merriott,Lynnea.Merriott@yopmail.com,Lynnea.Merriott@gmail.com,worker,27,27,27
127,Michaelina,Dorcy,Michaelina.Dorcy@yopmail.com,Michaelina.Dorcy@gmail.com,firefighter,28,28,28
128,Berta,Sammons,Berta.Sammons@yopmail.com,Berta.Sammons@gmail.com,developer,29,29,29
129,Cam,Sophronia,Cam.Sophronia@yopmail.com,Cam.Sophronia@gmail.com,developer,30,30,30
130,Averyl,Carri,Averyl.Carri@yopmail.com,Averyl.Carri@gmail.com,doctor,31,31,31
131,Neila,Parette,Neila.Parette@yopmail.com,Neila.Parette@gmail.com,developer,32,32,32
132,Bobinette,Vernier,Bobinette.Vernier@yopmail.com,Bobinette.Vernier@gmail.com,developer,33,33,33
133,Trixi,McClimans,Trixi.McClimans@yopmail.com,Trixi.McClimans@gmail.com,firefighter,34,34,34
134,Ezmeralda,Bertold,Ezmeralda.Bertold@yopmail.com,Ezmeralda.Bertold@gmail.com,worker,35,35,35
135,Lacie,Tufts,Lacie.Tufts@yopmail.com,Lacie.Tufts@gmail.com,doctor,36,36,36
136,Rubie,Ciro,Rubie.Ciro@yopmail.com,Rubie.Ciro@gmail.com,police officer,37,37,37
137,Halette,Philoo,Halette.Philoo@yopmail.com,Halette.Philoo@gmail.com,firefighter,38,38,38
138,Jorry,Daegal,Jorry.Daegal@yopmail.com,Jorry.Daegal@gmail.com,worker,39,39,39
139,Ashlee,Read,Ashlee.Read@yopmail.com,Ashlee.Read@gmail.com,police officer,40,40,40
140,Ada,Korey,Ada.Korey@yopmail.com,Ada.Korey@gmail.com,developer,41,41,41
141,Rori,Aprile,Rori.Aprile@yopmail.com,Rori.Aprile@gmail.com,police officer,42,42,42
142,Gratia,Pandolfi,Gratia.Pandolfi@yopmail.com,Gratia.Pandolfi@gmail.com,police officer,43,43,43
143,Lynnea,Lacombe,Lynnea.Lacombe@yopmail.com,Lynnea.Lacombe@gmail.com,worker,44,44,44
144,Shell,Briney,Shell.Briney@yopmail.com,Shell.Briney@gmail.com,firefighter,45,45,45
145,Lucy,Adore,Lucy.Adore@yopmail.com,Lucy.Adore@gmail.com,firefighter,46,46,46
146,Darci,Ajay,Darci.Ajay@yopmail.com,Darci.Ajay@gmail.com,developer,47,47,47
147,Oona,Amethist,Oona.Amethist@yopmail.com,Oona.Amethist@gmail.com,worker,48,48,48
148,Dari,Delp,Dari.Delp@yopmail.com,Dari.Delp@gmail.com,doctor,49,49,49
149,Asia,Han,Asia.Han@yopmail.com,Asia.Han@gmail.com,police officer,50,50,50
150,Arlina,Tamar,Arlina.Tamar@yopmail.com,Arlina.Tamar@gmail.com,worker,51,51,51
151,Fayre,Stephie,Fayre.Stephie@yopmail.com,Fayre.Stephie@gmail.com,police officer,52,52,52
152,Clo,Harl,Clo.Harl@yopmail.com,Clo.Harl@gmail.com,worker,53,53,53
153,Camile,Ursulette,Camile.Ursulette@yopmail.com,Camile.Ursulette@gmail.com,doctor,54,54,54
154,Mallory,Harriman,Mallory.Harriman@yopmail.com,Mallory.Harriman@gmail.com,police officer,55,55,55
155,Millie,Center,Millie.Center@yopmail.com,Millie.Center@gmail.com,doctor,56,56,56
156,Rosene,Felecia,Rosene.Felecia@yopmail.com,Rosene.Felecia@gmail.com,developer,57,57,57
157,Zia,Keelia,Zia.Keelia@yopmail.com,Zia.Keelia@gmail.com,firefighter,58,58,58
158,Silvana,Zachary,Silvana.Zachary@yopmail.com,Silvana.Zachary@gmail.com,doctor,59,59,59
159,Dione,Georas,Dione.Georas@yopmail.com,Dione.Georas@gmail.com,firefighter,60,60,60
160,Ursulina,Niccolo,Ursulina.Niccolo@yopmail.com,Ursulina.Niccolo@gmail.com,developer,61,61,61
161,Celene,Cosenza,Celene.Cosenza@yopmail.com,Celene.Cosenza@gmail.com,developer,62,62,62
162,Brandise,Modie,Brandise.Modie@yopmail.com,Brandise.Modie@gmail.com,doctor,63,63,63
163,Aili,Billye,Aili.Billye@yopmail.com,Aili.Billye@gmail.com,worker,64,64,64
164,Penelopa,Henrie,Penelopa.Henrie@yopmail.com,Penelopa.Henrie@gmail.com,worker,65,65,65
165,Jinny,Catie,Jinny.Catie@yopmail.com,Jinny.Catie@gmail.com,firefighter,66,66,66
166,Kenna,Johanna,Kenna.Johanna@yopmail.com,Kenna.Johanna@gmail.com,doctor,67,67,67
167,Jsandye,Fillbert,Jsandye.Fillbert@yopmail.com,Jsandye.Fillbert@gmail.com,doctor,68,68,68
168,Kial,Deny,Kial.Deny@yopmail.com,Kial.Deny@gmail.com,police officer,69,69,69
169,Carmencita,Reidar,Carmencita.Reidar@yopmail.com,Carmencita.Reidar@gmail.com,doctor,70,70,70
170,Aeriela,Brittani,Aeriela.Brittani@yopmail.com,Aeriela.Brittani@gmail.com,police officer,71,71,71
171,Kathi,Hazlett,Kathi.Hazlett@yopmail.com,Kathi.Hazlett@gmail.com,worker,72,72,72
172,Tera,Swanhildas,Tera.Swanhildas@yopmail.com,Tera.Swanhildas@gmail.com,police officer,73,73,73
173,Corly,Pearse,Corly.Pearse@yopmail.com,Corly.Pearse@gmail.com,developer,74,74,74
174,Karolina,Simmonds,Karolina.Simmonds@yopmail.com,Karolina.Simmonds@gmail.com,police officer,75,75,75
175,Larine,Peg,Larine.Peg@yopmail.com,Larine.Peg@gmail.com,doctor,76,76,76
176,Christy,Sekofski,Christy.Sekofski@yopmail.com,Christy.Sekofski@gmail.com,police officer,77,77,77
177,Adriana,Delp,Adriana.Delp@yopmail.com,Adriana.Delp@gmail.com,worker,78,78,78
178,Lindie,Aprile,Lindie.Aprile@yopmail.com,Lindie.Aprile@gmail.com,worker,79,79,79
179,Modestia,Narton,Modestia.Narton@yopmail.com,Modestia.Narton@gmail.com,developer,80,80,80
180,Wynne,Schonfeld,Wynne.Schonfeld@yopmail.com,Wynne.Schonfeld@gmail.com,police officer,81,81,81
181,Jenilee,Ellord,Jenilee.Ellord@yopmail.com,Jenilee.Ellord@gmail.com,doctor,82,82,82
182,Averyl,Faust,Averyl.Faust@yopmail.com,Averyl.Faust@gmail.com,worker,83,83,83
183,Desirae,Lemuela,Desirae.Lemuela@yopmail.com,Desirae.Lemuela@gmail.com,firefighter,84,84,84
184,Justinn,Secrest,Justinn.Secrest@yopmail.com,Justinn.Secrest@gmail.com,police officer,85,85,85
185,Riannon,Salchunas,Riannon.Salchunas@yopmail.com,Riannon.Salchunas@gmail.com,police officer,86,86,86
186,Madelle,Cloris,Madelle.Cloris@yopmail.com,Madelle.Cloris@gmail.com,police officer,87,87,87
187,Maurene,Kat,Maurene.Kat@yopmail.com,Maurene.Kat@gmail.com,firefighter,88,88,88
188,Kerrin,Irmine,Kerrin.Irmine@yopmail.com,Kerrin.Irmine@gmail.com,worker,89,89,89
189,Kerrin,Urania,Kerrin.Urania@yopmail.com,Kerrin.Urania@gmail.com,doctor,90,90,90
190,Karena,Ciro,Karena.Ciro@yopmail.com,Karena.Ciro@gmail.com,firefighter,91,91,91
191,Blondelle,Kare,Blondelle.Kare@yopmail.com,Blondelle.Kare@gmail.com,police officer,92,92,92
192,Daryl,Obed,Daryl.Obed@yopmail.com,Daryl.Obed@gmail.com,doctor,93,93,93
193,Bertine,Engdahl,Bertine.Engdahl@yopmail.com,Bertine.Engdahl@gmail.com,firefighter,94,94,94
194,Edyth,Ramona,Edyth.Ramona@yopmail.com,Edyth.Ramona@gmail.com,firefighter,95,95,95
195,Cherrita,Nance,Cherrita.Nance@yopmail.com,Cherrita.Nance@gmail.com,doctor,96,96,96
196,Alexine,Raimondo,Alexine.Raimondo@yopmail.com,Alexine.Raimondo@gmail.com,developer,97,97,97
197,Ninnetta,Aaberg,Ninnetta.Aaberg@yopmail.com,Ninnetta.Aaberg@gmail.com,firefighter,98,98,98
198,Charlena,Hilbert,Charlena.Hilbert@yopmail.com,Charlena.Hilbert@gmail.com,doctor,99,99,99
199,Rhea,Bennie,Rhea.Bennie@yopmail.com,Rhea.Bennie@gmail.com,developer,100,100,100
200,Orsola,Stefa,Orsola.Stefa@yopmail.com,Orsola.Stefa@gmail.com,worker,101,101,101
201,Genevra,Fiester,Genevra.Fiester@yopmail.com,Genevra.Fiester@gmail.com,police officer,102,102,102
202,Annecorinne,Hartnett,Annecorinne.Hartnett@yopmail.com,Annecorinne.Hartnett@gmail.com,developer,103,103,103
203,Dotty,Agle,Dotty.Agle@yopmail.com,Dotty.Agle@gmail.com,doctor,104,104,104
204,Chere,Chauncey,Chere.Chauncey@yopmail.com,Chere.Chauncey@gmail.com,developer,105,105,105
205,Dorice,Nicoline,Dorice.Nicoline@yopmail.com,Dorice.Nicoline@gmail.com,firefighter,106,106,106
206,Sherrie,Denis,Sherrie.Denis@yopmail.com,Sherrie.Denis@gmail.com,firefighter,107,107,107
207,Halette,Aldric,Halette.Aldric@yopmail.com,Halette.Aldric@gmail.com,doctor,108,108,108
208,Wynne,Bebe,Wynne.Bebe@yopmail.com,Wynne.Bebe@gmail.com,firefighter,109,109,109
209,Noelle,Fontana,Noelle.Fontana@yopmail.com,Noelle.Fontana@gmail.com,police officer,110,110,110
210,Lonnie,Brunell,Lonnie.Brunell@yopmail.com,Lonnie.Brunell@gmail.com,firefighter,111,111,111
211,Iseabal,Stevy,Iseabal.Stevy@yopmail.com,Iseabal.Stevy@gmail.com,police officer,112,112,112
212,Genovera,Sibyls,Genovera.Sibyls@yopmail.com,Genovera.Sibyls@gmail.com,firefighter,113,113,113
213,Starla,Prouty,Starla.Prouty@yopmail.com,Starla.Prouty@gmail.com,developer,114,114,114
214,Clarice,Garrison,Clarice.Garrison@yopmail.com,Clarice.Garrison@gmail.com,worker,115,115,115
215,Adore,Plato,Adore.Plato@yopmail.com,Adore.Plato@gmail.com,firefighter,116,116,116
216,Donetta,Belanger,Donetta.Belanger@yopmail.com,Donetta.Belanger@gmail.com,doctor,117,117,117
217,Donetta,Ruvolo,Donetta.Ruvolo@yopmail.com,Donetta.Ruvolo@gmail.com,doctor,118,118,118
218,Kate,Kevon,Kate.Kevon@yopmail.com,Kate.Kevon@gmail.com,firefighter,119,119,119
219,Raf,Candy,Raf.Candy@yopmail.com,Raf.Candy@gmail.com,firefighter,120,120,120
220,Wynne,Amadas,Wynne.Amadas@yopmail.com,Wynne.Amadas@gmail.com,police officer,121,121,121
221,Tobe,Allare,Tobe.Allare@yopmail.com,Tobe.Allare@gmail.com,worker,122,122,122
222,Johna,Noelyn,Johna.Noelyn@yopmail.com,Johna.Noelyn@gmail.com,police officer,123,123,123
223,Willetta,Felizio,Willetta.Felizio@yopmail.com,Willetta.Felizio@gmail.com,developer,124,124,124
224,Emma,Posner,Emma.Posner@yopmail.com,Emma.Posner@gmail.com,developer,125,125,125
225,Tami,Tound,Tami.Tound@yopmail.com,Tami.Tound@gmail.com,worker,126,126,126
226,Lulita,Cloris,Lulita.Cloris@yopmail.com,Lulita.Cloris@gmail.com,firefighter,127,127,127
227,Feliza,Erich,Feliza.Erich@yopmail.com,Feliza.Erich@gmail.com,firefighter,128,128,128
228,Tomasina,Charmine,Tomasina.Charmine@yopmail.com,Tomasina.Charmine@gmail.com,firefighter,129,129,129
229,Paola,Moseley,Paola.Moseley@yopmail.com,Paola.Moseley@gmail.com,worker,130,130,130
230,Britni,Moina,Britni.Moina@yopmail.com,Britni.Moina@gmail.com,worker,131,131,131
231,Odessa,Radu,Odessa.Radu@yopmail.com,Odessa.Radu@gmail.com,worker,132,132,132
232,Margette,Tjon,Margette.Tjon@yopmail.com,Margette.Tjon@gmail.com,doctor,133,133,133
233,Maryellen,Orpah,Maryellen.Orpah@yopmail.com,Maryellen.Orpah@gmail.com,worker,134,134,134
234,Cassandra,Cookie,Cassandra.Cookie@yopmail.com,Cassandra.Cookie@gmail.com,doctor,135,135,135
235,Cassandra,Argus,Cassandra.Argus@yopmail.com,Cassandra.Argus@gmail.com,doctor,136,136,136
236,Sadie,Neils,Sadie.Neils@yopmail.com,Sadie.Neils@gmail.com,worker,137,137,137
237,Harrietta,Stav,Harrietta.Stav@yopmail.com,Harrietta.Stav@gmail.com,doctor,138,138,138
238,Jenilee,Hermes,Jenilee.Hermes@yopmail.com,Jenilee.Hermes@gmail.com,developer,139,139,139
239,Catrina,Chauncey,Catrina.Chauncey@yopmail.com,Catrina.Chauncey@gmail.com,firefighter,140,140,140
240,Randa,Elbertina,Randa.Elbertina@yopmail.com,Randa.Elbertina@gmail.com,doctor,141,141,141
241,Veda,Wilkinson,Veda.Wilkinson@yopmail.com,Veda.Wilkinson@gmail.com,police officer,142,142,142
242,Lilith,Fillbert,Lilith.Fillbert@yopmail.com,Lilith.Fillbert@gmail.com,developer,143,143,143
243,Emilia,Marden,Emilia.Marden@yopmail.com,Emilia.Marden@gmail.com,developer,144,144,144
244,Isa,Gaynor,Isa.Gaynor@yopmail.com,Isa.Gaynor@gmail.com,police officer,145,145,145
245,Ana,Ledah,Ana.Ledah@yopmail.com,Ana.Ledah@gmail.com,police officer,146,146,146
246,Ida,Nisbet,Ida.Nisbet@yopmail.com,Ida.Nisbet@gmail.com,police officer,147,147,147
247,Fredericka,Marden,Fredericka.Marden@yopmail.com,Fredericka.Marden@gmail.com,developer,148,148,148
248,Letizia,Dom,Letizia.Dom@yopmail.com,Letizia.Dom@gmail.com,worker,149,149,149
249,Georgetta,Lilas,Georgetta.Lilas@yopmail.com,Georgetta.Lilas@gmail.com,doctor,150,150,150
250,Leanna,Naashom,Leanna.Naashom@yopmail.com,Leanna.Naashom@gmail.com,firefighter,151,151,151
251,Genovera,Korey,Genovera.Korey@yopmail.com,Genovera.Korey@gmail.com,developer,152,152,152
252,Emylee,Burnside,Emylee.Burnside@yopmail.com,Emylee.Burnside@gmail.com,police officer,153,153,153
253,Christian,Pierette,Christian.Pierette@yopmail.com,Christian.Pierette@gmail.com,developer,154,154,154
254,Alie,Parette,Alie.Parette@yopmail.com,Alie.Parette@gmail.com,police officer,155,155,155
255,Aurore,Ciapas,Aurore.Ciapas@yopmail.com,Aurore.Ciapas@gmail.com,doctor,156,156,156
256,Mathilda,Tybald,Mathilda.Tybald@yopmail.com,Mathilda.Tybald@gmail.com,police officer,157,157,157
257,Nerta,Adalbert,Nerta.Adalbert@yopmail.com,Nerta.Adalbert@gmail.com,police officer,158,158,158
258,Rhoda,Wyn,Rhoda.Wyn@yopmail.com,Rhoda.Wyn@gmail.com,developer,159,159,159
259,Gusella,Grosz,Gusella.Grosz@yopmail.com,Gusella.Grosz@gmail.com,firefighter,160,160,160
260,Corly,Phaidra,Corly.Phaidra@yopmail.com,Corly.Phaidra@gmail.com,worker,161,161,161
261,Jemie,Wenoa,Jemie.Wenoa@yopmail.com,Jemie.Wenoa@gmail.com,firefighter,162,162,162
262,Vivia,Rubie,Vivia.Rubie@yopmail.com,Vivia.Rubie@gmail.com,police officer,163,163,163
263,Annecorinne,Jary,Annecorinne.Jary@yopmail.com,Annecorinne.Jary@gmail.com,worker,164,164,164
264,Grier,Gaynor,Grier.Gaynor@yopmail.com,Grier.Gaynor@gmail.com,police officer,165,165,165
265,Blake,Hubert,Blake.Hubert@yopmail.com,Blake.Hubert@gmail.com,developer,166,166,166
266,Malina,Ruvolo,Malina.Ruvolo@yopmail.com,Malina.Ruvolo@gmail.com,firefighter,167,167,167
267,Adele,Mich,Adele.Mich@yopmail.com,Adele.Mich@gmail.com,worker,168,168,168
268,Dulcinea,Damarra,Dulcinea.Damarra@yopmail.com,Dulcinea.Damarra@gmail.com,firefighter,169,169,169
269,Kylynn,Darrell,Kylynn.Darrell@yopmail.com,Kylynn.Darrell@gmail.com,worker,170,170,170
270,Kimberley,Rustice,Kimberley.Rustice@yopmail.com,Kimberley.Rustice@gmail.com,police officer,171,171,171
271,Carilyn,Herrera,Carilyn.Herrera@yopmail.com,Carilyn.Herrera@gmail.com,developer,172,172,172
272,Edyth,Mathilde,Edyth.Mathilde@yopmail.com,Edyth.Mathilde@gmail.com,developer,173,173,173
273,Isa,Wolfgram,Isa.Wolfgram@yopmail.com,Isa.Wolfgram@gmail.com,worker,174,174,174
274,Luci,Allare,Luci.Allare@yopmail.com,Luci.Allare@gmail.com,developer,175,175,175
275,Jeanna,Greyson,Jeanna.Greyson@yopmail.com,Jeanna.Greyson@gmail.com,doctor,176,176,176
276,Minda,Goode,Minda.Goode@yopmail.com,Minda.Goode@gmail.com,doctor,177,177,177
277,Lucy,Pulsifer,Lucy.Pulsifer@yopmail.com,Lucy.Pulsifer@gmail.com,police officer,178,178,178
278,Oralee,Abram,Oralee.Abram@yopmail.com,Oralee.Abram@gmail.com,firefighter,179,179,179
279,Wileen,Hubert,Wileen.Hubert@yopmail.com,Wileen.Hubert@gmail.com,worker,180,180,180
280,Janenna,Bethany,Janenna.Bethany@yopmail.com,Janenna.Bethany@gmail.com,doctor,181,181,181
281,Janenna,Cutlerr,Janenna.Cutlerr@yopmail.com,Janenna.Cutlerr@gmail.com,police officer,182,182,182
282,Pierette,Isacco,Pierette.Isacco@yopmail.com,Pierette.Isacco@gmail.com,doctor,183,183,183
283,Aaren,Koehler,Aaren.Koehler@yopmail.com,Aaren.Koehler@gmail.com,worker,184,184,184
284,Charissa,Ade,Charissa.Ade@yopmail.com,Charissa.Ade@gmail.com,police officer,185,185,185
285,Ellette,Karylin,Ellette.Karylin@yopmail.com,Ellette.Karylin@gmail.com,worker,186,186,186
286,Joelly,Sidonius,Joelly.Sidonius@yopmail.com,Joelly.Sidonius@gmail.com,police officer,187,187,187
287,Corly,Belanger,Corly.Belanger@yopmail.com,Corly.Belanger@gmail.com,firefighter,188,188,188
288,Genevra,Hamil,Genevra.Hamil@yopmail.com,Genevra.Hamil@gmail.com,worker,189,189,189
289,Linet,Codding,Linet.Codding@yopmail.com,Linet.Codding@gmail.com,developer,190,190,190
290,Lenna,Fosque,Lenna.Fosque@yopmail.com,Lenna.Fosque@gmail.com,developer,191,191,191
291,Nita,Erskine,Nita.Erskine@yopmail.com,Nita.Erskine@gmail.com,worker,192,192,192
292,Lily,Yorick,Lily.Yorick@yopmail.com,Lily.Yorick@gmail.com,doctor,193,193,193
293,Belinda,Howlyn,Belinda.Howlyn@yopmail.com,Belinda.Howlyn@gmail.com,worker,194,194,194
294,Roslyn,Linehan,Roslyn.Linehan@yopmail.com,Roslyn.Linehan@gmail.com,worker,195,195,195
295,Margette,Grimbly,Margette.Grimbly@yopmail.com,Margette.Grimbly@gmail.com,worker,196,196,196
296,Myriam,Dunkin,Myriam.Dunkin@yopmail.com,Myriam.Dunkin@gmail.com,firefighter,197,197,197
297,Paola,Cornelia,Paola.Cornelia@yopmail.com,Paola.Cornelia@gmail.com,doctor,198,198,198
298,Tani,Hunfredo,Tani.Hunfredo@yopmail.com,Tani.Hunfredo@gmail.com,doctor,199,199,199
299,Gwyneth,Chandler,Gwyneth.Chandler@yopmail.com,Gwyneth.Chandler@gmail.com,worker,200,200,200
300,Teriann,Infield,Teriann.Infield@yopmail.com,Teriann.Infield@gmail.com,doctor,201,201,201
301,Catharine,Raseda,Catharine.Raseda@yopmail.com,Catharine.Raseda@gmail.com,police officer,202,202,202
302,Nariko,Bergman,Nariko.Bergman@yopmail.com,Nariko.Bergman@gmail.com,developer,203,203,203
303,Leontine,Suzetta,Leontine.Suzetta@yopmail.com,Leontine.Suzetta@gmail.com,worker,204,204,204
304,Nollie,Randene,Nollie.Randene@yopmail.com,Nollie.Randene@gmail.com,doctor,205,205,205
305,Vonny,Concha,Vonny.Concha@yopmail.com,Vonny.Concha@gmail.com,firefighter,206,206,206
306,Vevay,Hillel,Vevay.Hillel@yopmail.com,Vevay.Hillel@gmail.com,firefighter,207,207,207
307,Fredericka,Johnsson,Fredericka.Johnsson@yopmail.com,Fredericka.Johnsson@gmail.com,developer,208,208,208
308,Tobe,Rogerio,Tobe.Rogerio@yopmail.com,Tobe.Rogerio@gmail.com,worker,209,209,209
309,Althea,Niles,Althea.Niles@yopmail.com,Althea.Niles@gmail.com,worker,210,210,210
310,Aaren,Astra,Aaren.Astra@yopmail.com,Aaren.Astra@gmail.com,doctor,211,211,211
311,Leia,Glovsky,Leia.Glovsky@yopmail.com,Leia.Glovsky@gmail.com,developer,212,212,212
312,Robinia,Hachmin,Robinia.Hachmin@yopmail.com,Robinia.Hachmin@gmail.com,firefighter,213,213,213
313,Jemie,Lytton,Jemie.Lytton@yopmail.com,Jemie.Lytton@gmail.com,firefighter,214,214,214
314,Lorenza,Susannah,Lorenza.Susannah@yopmail.com,Lorenza.Susannah@gmail.com,worker,215,215,215
315,Dawn,Frendel,Dawn.Frendel@yopmail.com,Dawn.Frendel@gmail.com,firefighter,216,216,216
316,Robinia,Maroney,Robinia.Maroney@yopmail.com,Robinia.Maroney@gmail.com,worker,217,217,217
317,Averyl,Ellerey,Averyl.Ellerey@yopmail.com,Averyl.Ellerey@gmail.com,developer,218,218,218
318,Kristina,Hazlett,Kristina.Hazlett@yopmail.com,Kristina.Hazlett@gmail.com,doctor,219,219,219
319,Gusella,Eno,Gusella.Eno@yopmail.com,Gusella.Eno@gmail.com,firefighter,220,220,220
320,Constance,Modie,Constance.Modie@yopmail.com,Constance.Modie@gmail.com,firefighter,221,221,221
321,Stephanie,Millda,Stephanie.Millda@yopmail.com,Stephanie.Millda@gmail.com,doctor,222,222,222
322,Harrietta,Pulsifer,Harrietta.Pulsifer@yopmail.com,Harrietta.Pulsifer@gmail.com,worker,223,223,223
323,Olwen,Sinegold,Olwen.Sinegold@yopmail.com,Olwen.Sinegold@gmail.com,police officer,224,224,224
324,Kathy,Rogerio,Kathy.Rogerio@yopmail.com,Kathy.Rogerio@gmail.com,worker,225,225,225
325,Leia,Jaylene,Leia.Jaylene@yopmail.com,Leia.Jaylene@gmail.com,police officer,226,226,226
326,Codie,Boehike,Codie.Boehike@yopmail.com,Codie.Boehike@gmail.com,doctor,227,227,227
327,Edee,Burkle,Edee.Burkle@yopmail.com,Edee.Burkle@gmail.com,developer,228,228,228
328,Miquela,Chrystel,Miquela.Chrystel@yopmail.com,Miquela.Chrystel@gmail.com,developer,229,229,229
329,Viviene,Isacco,Viviene.Isacco@yopmail.com,Viviene.Isacco@gmail.com,developer,230,230,230
330,Gusty,Levey,Gusty.Levey@yopmail.com,Gusty.Levey@gmail.com,developer,231,231,231
331,Evaleen,Cullin,Evaleen.Cullin@yopmail.com,Evaleen.Cullin@gmail.com,doctor,232,232,232
332,Ginnie,Callista,Ginnie.Callista@yopmail.com,Ginnie.Callista@gmail.com,doctor,233,233,233
333,Linet,Laurianne,Linet.Laurianne@yopmail.com,Linet.Laurianne@gmail.com,firefighter,234,234,234
334,Shauna,Borrell,Shauna.Borrell@yopmail.com,Shauna.Borrell@gmail.com,worker,235,235,235
335,Estell,Llovera,Estell.Llovera@yopmail.com,Estell.Llovera@gmail.com,firefighter,236,236,236
336,Jaime,Marden,Jaime.Marden@yopmail.com,Jaime.Marden@gmail.com,developer,237,237,237
337,Thalia,Fancie,Thalia.Fancie@yopmail.com,Thalia.Fancie@gmail.com,firefighter,238,238,238
338,Orsola,Sandye,Orsola.Sandye@yopmail.com,Orsola.Sandye@gmail.com,doctor,239,239,239
339,Livvyy,Fosque,Livvyy.Fosque@yopmail.com,Livvyy.Fosque@gmail.com,developer,240,240,240
340,Shaylyn,Zachary,Shaylyn.Zachary@yopmail.com,Shaylyn.Zachary@gmail.com,doctor,241,241,241
341,Mariele,Fennessy,Mariele.Fennessy@yopmail.com,Mariele.Fennessy@gmail.com,police officer,242,242,242
342,Laurene,Trinetta,Laurene.Trinetta@yopmail.com,Laurene.Trinetta@gmail.com,police officer,243,243,243
343,Tarra,Amand,Tarra.Amand@yopmail.com,Tarra.Amand@gmail.com,doctor,244,244,244
344,Ezmeralda,Aida,Ezmeralda.Aida@yopmail.com,Ezmeralda.Aida@gmail.com,police officer,245,245,245
345,Daryl,Burnside,Daryl.Burnside@yopmail.com,Daryl.Burnside@gmail.com,worker,246,246,246
346,Heddie,Duwalt,Heddie.Duwalt@yopmail.com,Heddie.Duwalt@gmail.com,doctor,247,247,247
347,Rivalee,Fiester,Rivalee.Fiester@yopmail.com,Rivalee.Fiester@gmail.com,doctor,248,248,248
348,Penelopa,Carvey,Penelopa.Carvey@yopmail.com,Penelopa.Carvey@gmail.com,worker,249,249,249
349,Kittie,Isidore,Kittie.Isidore@yopmail.com,Kittie.Isidore@gmail.com,developer,250,250,250
350,Jordan,Aldric,Jordan.Aldric@yopmail.com,Jordan.Aldric@gmail.com,police officer,251,251,251
351,Magdalena,Morehouse,Magdalena.Morehouse@yopmail.com,Magdalena.Morehouse@gmail.com,police officer,252,252,252
352,Ebonee,Ashok,Ebonee.Ashok@yopmail.com,Ebonee.Ashok@gmail.com,police officer,253,253,253
353,Nannie,Cornelia,Nannie.Cornelia@yopmail.com,Nannie.Cornelia@gmail.com,developer,254,254,254
354,Caritta,Alcott,Caritta.Alcott@yopmail.com,Caritta.Alcott@gmail.com,doctor,255,255,255
355,Shirlee,Sperling,Shirlee.Sperling@yopmail.com,Shirlee.Sperling@gmail.com,worker,256,256,256
356,Quintina,Mayeda,Quintina.Mayeda@yopmail.com,Quintina.Mayeda@gmail.com,doctor,257,257,257
357,Binny,Waldron,Binny.Waldron@yopmail.com,Binny.Waldron@gmail.com,worker,258,258,258
358,Doralynne,Dosia,Doralynne.Dosia@yopmail.com,Doralynne.Dosia@gmail.com,worker,259,259,259
359,Karolina,Modie,Karolina.Modie@yopmail.com,Karolina.Modie@gmail.com,police officer,260,260,260
360,Linzy,Lindemann,Linzy.Lindemann@yopmail.com,Linzy.Lindemann@gmail.com,police officer,261,261,261
361,Ronna,Hathaway,Ronna.Hathaway@yopmail.com,Ronna.Hathaway@gmail.com,doctor,262,262,262
362,Fina,Persse,Fina.Persse@yopmail.com,Fina.Persse@gmail.com,worker,263,263,263
363,Elise,Faro,Elise.Faro@yopmail.com,Elise.Faro@gmail.com,firefighter,264,264,264
364,Emylee,Fitzsimmons,Emylee.Fitzsimmons@yopmail.com,Emylee.Fitzsimmons@gmail.com,doctor,265,265,265
365,Teddie,Shanley,Teddie.Shanley@yopmail.com,Teddie.Shanley@gmail.com,doctor,266,266,266
366,Stephanie,Abram,Stephanie.Abram@yopmail.com,Stephanie.Abram@gmail.com,firefighter,267,267,267
367,Meriel,Anyah,Meriel.Anyah@yopmail.com,Meriel.Anyah@gmail.com,police officer,268,268,268
368,Alisha,Stilwell,Alisha.Stilwell@yopmail.com,Alisha.Stilwell@gmail.com,doctor,269,269,269
369,Rosene,Bethany,Rosene.Bethany@yopmail.com,Rosene.Bethany@gmail.com,developer,270,270,270
370,Maye,Gordon,Maye.Gordon@yopmail.com,Maye.Gordon@gmail.com,worker,271,271,271
371,Lesly,Kendrick,Lesly.Kendrick@yopmail.com,Lesly.Kendrick@gmail.com,police officer,272,272,272
372,Sue,Meli,Sue.Meli@yopmail.com,Sue.Meli@gmail.com,developer,273,273,273
373,Layla,Wilona,Layla.Wilona@yopmail.com,Layla.Wilona@gmail.com,police officer,274,274,274
374,Joelly,Dunkin,Joelly.Dunkin@yopmail.com,Joelly.Dunkin@gmail.com,developer,275,275,275
375,Alisha,Lipson,Alisha.Lipson@yopmail.com,Alisha.Lipson@gmail.com,worker,276,276,276
376,Cherrita,Gavrila,Cherrita.Gavrila@yopmail.com,Cherrita.Gavrila@gmail.com,worker,277,277,277
377,Dotty,Hewitt,Dotty.Hewitt@yopmail.com,Dotty.Hewitt@gmail.com,developer,278,278,278
378,Marinna,Izaak,Marinna.Izaak@yopmail.com,Marinna.Izaak@gmail.com,firefighter,279,279,279
379,Carolina,Dahlia,Carolina.Dahlia@yopmail.com,Carolina.Dahlia@gmail.com,firefighter,280,280,280
380,Marcy,Ball,Marcy.Ball@yopmail.com,Marcy.Ball@gmail.com,worker,281,281,281
381,Nikki,Odysseus,Nikki.Odysseus@yopmail.com,Nikki.Odysseus@gmail.com,developer,282,282,282
382,Adriana,Gamaliel,Adriana.Gamaliel@yopmail.com,Adriana.Gamaliel@gmail.com,worker,283,283,283
383,Mariele,Emmaline,Mariele.Emmaline@yopmail.com,Mariele.Emmaline@gmail.com,worker,284,284,284
384,Shell,Gahl,Shell.Gahl@yopmail.com,Shell.Gahl@gmail.com,worker,285,285,285
385,Nyssa,Wind,Nyssa.Wind@yopmail.com,Nyssa.Wind@gmail.com,developer,286,286,286
386,Marti,Kunin,Marti.Kunin@yopmail.com,Marti.Kunin@gmail.com,worker,287,287,287
387,Korrie,Ricki,Korrie.Ricki@yopmail.com,Korrie.Ricki@gmail.com,firefighter,288,288,288
388,Riannon,Justinn,Riannon.Justinn@yopmail.com,Riannon.Justinn@gmail.com,doctor,289,289,289
389,Elka,Kazimir,Elka.Kazimir@yopmail.com,Elka.Kazimir@gmail.com,developer,290,290,290
390,Gavrielle,Denis,Gavrielle.Denis@yopmail.com,Gavrielle.Denis@gmail.com,doctor,291,291,291
391,Jennica,Ioab,Jennica.Ioab@yopmail.com,Jennica.Ioab@gmail.com,doctor,292,292,292
392,Codie,Gillan,Codie.Gillan@yopmail.com,Codie.Gillan@gmail.com,doctor,293,293,293
393,Brooks,Schalles,Brooks.Schalles@yopmail.com,Brooks.Schalles@gmail.com,doctor,294,294,294
394,Mady,Urias,Mady.Urias@yopmail.com,Mady.Urias@gmail.com,developer,295,295,295
395,Gui,Ioab,Gui.Ioab@yopmail.com,Gui.Ioab@gmail.com,firefighter,296,296,296
396,Dominga,Niccolo,Dominga.Niccolo@yopmail.com,Dominga.Niccolo@gmail.com,police officer,297,297,297
397,Fanny,Justinn,Fanny.Justinn@yopmail.com,Fanny.Justinn@gmail.com,doctor,298,298,298
398,Dianemarie,Gladstone,Dianemarie.Gladstone@yopmail.com,Dianemarie.Gladstone@gmail.com,doctor,299,299,299
399,Gretal,Kendrick,Gretal.Kendrick@yopmail.com,Gretal.Kendrick@gmail.com,doctor,300,300,300
400,Karly,Erich,Karly.Erich@yopmail.com,Karly.Erich@gmail.com,doctor,301,301,301
401,Beverley,Shama,Beverley.Shama@yopmail.com,Beverley.Shama@gmail.com,firefighter,302,302,302
402,Michaelina,Miru,Michaelina.Miru@yopmail.com,Michaelina.Miru@gmail.com,developer,303,303,303
403,Cristabel,Martsen,Cristabel.Martsen@yopmail.com,Cristabel.Martsen@gmail.com,worker,304,304,304
404,Carolina,Sothena,Carolina.Sothena@yopmail.com,Carolina.Sothena@gmail.com,worker,305,305,305
405,Teddie,Lowry,Teddie.Lowry@yopmail.com,Teddie.Lowry@gmail.com,police officer,306,306,306
406,Ingrid,Latini,Ingrid.Latini@yopmail.com,Ingrid.Latini@gmail.com,developer,307,307,307
407,Frieda,Dahlia,Frieda.Dahlia@yopmail.com,Frieda.Dahlia@gmail.com,worker,308,308,308
408,Hope,Clie,Hope.Clie@yopmail.com,Hope.Clie@gmail.com,developer,309,309,309
409,Di,Ammann,Di.Ammann@yopmail.com,Di.Ammann@gmail.com,firefighter,310,310,310
410,Helena,Carlson,Helena.Carlson@yopmail.com,Helena.Carlson@gmail.com,doctor,311,311,311
411,Paule,McLaughlin,Paule.McLaughlin@yopmail.com,Paule.McLaughlin@gmail.com,doctor,312,312,312
412,Carly,Erb,Carly.Erb@yopmail.com,Carly.Erb@gmail.com,police officer,313,313,313
413,Jemie,Miru,Jemie.Miru@yopmail.com,Jemie.Miru@gmail.com,doctor,314,314,314
414,Dode,Janene,Dode.Janene@yopmail.com,Dode.Janene@gmail.com,police officer,315,315,315
415,Kittie,Janene,Kittie.Janene@yopmail.com,Kittie.Janene@gmail.com,doctor,316,316,316
416,Arabel,Linehan,Arabel.Linehan@yopmail.com,Arabel.Linehan@gmail.com,police officer,317,317,317
417,Stacey,Bonilla,Stacey.Bonilla@yopmail.com,Stacey.Bonilla@gmail.com,firefighter,318,318,318
418,Jordan,Thunell,Jordan.Thunell@yopmail.com,Jordan.Thunell@gmail.com,doctor,319,319,319
419,Annaliese,Beebe,Annaliese.Beebe@yopmail.com,Annaliese.Beebe@gmail.com,worker,320,320,320
420,Shannah,Roxanna,Shannah.Roxanna@yopmail.com,Shannah.Roxanna@gmail.com,police officer,321,321,321
421,Mariann,Whittaker,Mariann.Whittaker@yopmail.com,Mariann.Whittaker@gmail.com,doctor,322,322,322
422,Bill,Garlinda,Bill.Garlinda@yopmail.com,Bill.Garlinda@gmail.com,doctor,323,323,323
423,Bobinette,Burnside,Bobinette.Burnside@yopmail.com,Bobinette.Burnside@gmail.com,developer,324,324,324
424,Tatiania,Nicoline,Tatiania.Nicoline@yopmail.com,Tatiania.Nicoline@gmail.com,worker,325,325,325
425,Cristine,Jary,Cristine.Jary@yopmail.com,Cristine.Jary@gmail.com,developer,326,326,326
426,Emma,Adlare,Emma.Adlare@yopmail.com,Emma.Adlare@gmail.com,developer,327,327,327
427,Leia,Poll,Leia.Poll@yopmail.com,Leia.Poll@gmail.com,firefighter,328,328,328
428,Merci,Lutero,Merci.Lutero@yopmail.com,Merci.Lutero@gmail.com,police officer,329,329,329
429,Morganica,Si,Morganica.Si@yopmail.com,Morganica.Si@gmail.com,worker,330,330,330
430,Gianina,Philoo,Gianina.Philoo@yopmail.com,Gianina.Philoo@gmail.com,doctor,331,331,331
431,Sheree,Keily,Sheree.Keily@yopmail.com,Sheree.Keily@gmail.com,firefighter,332,332,332
432,Eve,Weitman,Eve.Weitman@yopmail.com,Eve.Weitman@gmail.com,doctor,333,333,333
433,Siana,Old,Siana.Old@yopmail.com,Siana.Old@gmail.com,developer,334,334,334
434,Dorthy,Blase,Dorthy.Blase@yopmail.com,Dorthy.Blase@gmail.com,worker,335,335,335
435,Glenda,Shields,Glenda.Shields@yopmail.com,Glenda.Shields@gmail.com,developer,336,336,336
436,Layla,Esmaria,Layla.Esmaria@yopmail.com,Layla.Esmaria@gmail.com,doctor,337,337,337
437,Cathie,Quent,Cathie.Quent@yopmail.com,Cathie.Quent@gmail.com,police officer,338,338,338
438,Annaliese,Grobe,Annaliese.Grobe@yopmail.com,Annaliese.Grobe@gmail.com,police officer,339,339,339
439,Andree,Michella,Andree.Michella@yopmail.com,Andree.Michella@gmail.com,developer,340,340,340
440,Marylou,Hanshaw,Marylou.Hanshaw@yopmail.com,Marylou.Hanshaw@gmail.com,firefighter,341,341,341
441,Kial,Bollay,Kial.Bollay@yopmail.com,Kial.Bollay@gmail.com,doctor,342,342,342
442,Gusella,Jenness,Gusella.Jenness@yopmail.com,Gusella.Jenness@gmail.com,developer,343,343,343
443,Lauryn,Saint,Lauryn.Saint@yopmail.com,Lauryn.Saint@gmail.com,firefighter,344,344,344
444,Lynnea,Kathie,Lynnea.Kathie@yopmail.com,Lynnea.Kathie@gmail.com,developer,345,345,345
445,Viviene,Secrest,Viviene.Secrest@yopmail.com,Viviene.Secrest@gmail.com,doctor,346,346,346
446,Kara-Lynn,Fiann,Kara-Lynn.Fiann@yopmail.com,Kara-Lynn.Fiann@gmail.com,firefighter,347,347,347
447,Mahalia,Lail,Mahalia.Lail@yopmail.com,Mahalia.Lail@gmail.com,worker,348,348,348
448,Charlena,Chobot,Charlena.Chobot@yopmail.com,Charlena.Chobot@gmail.com,police officer,349,349,349
449,Micheline,Croix,Micheline.Croix@yopmail.com,Micheline.Croix@gmail.com,doctor,350,350,350
450,Cathie,Kaja,Cathie.Kaja@yopmail.com,Cathie.Kaja@gmail.com,police officer,351,351,351
451,Sheree,Dahlia,Sheree.Dahlia@yopmail.com,Sheree.Dahlia@gmail.com,firefighter,352,352,352
452,Evaleen,Yuille,Evaleen.Yuille@yopmail.com,Evaleen.Yuille@gmail.com,developer,353,353,353
453,Ernesta,Weaks,Ernesta.Weaks@yopmail.com,Ernesta.Weaks@gmail.com,worker,354,354,354
454,Jinny,Bohlin,Jinny.Bohlin@yopmail.com,Jinny.Bohlin@gmail.com,worker,355,355,355
455,Gabriellia,Greenwald,Gabriellia.Greenwald@yopmail.com,Gabriellia.Greenwald@gmail.com,doctor,356,356,356
456,Dotty,Jammal,Dotty.Jammal@yopmail.com,Dotty.Jammal@gmail.com,worker,357,357,357
457,Meg,Minetta,Meg.Minetta@yopmail.com,Meg.Minetta@gmail.com,police officer,358,358,358
458,Joceline,Stilwell,Joceline.Stilwell@yopmail.com,Joceline.Stilwell@gmail.com,firefighter,359,359,359
459,Gaylene,Gower,Gaylene.Gower@yopmail.com,Gaylene.Gower@gmail.com,doctor,360,360,360
460,Cristabel,Avi,Cristabel.Avi@yopmail.com,Cristabel.Avi@gmail.com,doctor,361,361,361
461,Marti,Diann,Marti.Diann@yopmail.com,Marti.Diann@gmail.com,firefighter,362,362,362
462,Mariele,Faro,Mariele.Faro@yopmail.com,Mariele.Faro@gmail.com,developer,363,363,363
463,Regina,Sprage,Regina.Sprage@yopmail.com,Regina.Sprage@gmail.com,developer,364,364,364
464,Elka,Brotherson,Elka.Brotherson@yopmail.com,Elka.Brotherson@gmail.com,developer,365,365,365
465,Roz,Egbert,Roz.Egbert@yopmail.com,Roz.Egbert@gmail.com,doctor,366,366,366
466,Molli,Johanna,Molli.Johanna@yopmail.com,Molli.Johanna@gmail.com,worker,367,367,367
467,Ayn,Abernon,Ayn.Abernon@yopmail.com,Ayn.Abernon@gmail.com,worker,368,368,368
468,Dale,Kirbee,Dale.Kirbee@yopmail.com,Dale.Kirbee@gmail.com,police officer,369,369,369
469,Gwyneth,Jefferey,Gwyneth.Jefferey@yopmail.com,Gwyneth.Jefferey@gmail.com,firefighter,370,370,370
470,Wileen,Bakerman,Wileen.Bakerman@yopmail.com,Wileen.Bakerman@gmail.com,doctor,371,371,371
471,Gertrud,Baptlsta,Gertrud.Baptlsta@yopmail.com,Gertrud.Baptlsta@gmail.com,worker,372,372,372
472,Joy,Llovera,Joy.Llovera@yopmail.com,Joy.Llovera@gmail.com,police officer,373,373,373
473,Neila,Emmaline,Neila.Emmaline@yopmail.com,Neila.Emmaline@gmail.com,doctor,374,374,374
474,Nessie,Newell,Nessie.Newell@yopmail.com,Nessie.Newell@gmail.com,firefighter,375,375,375
475,Deedee,Oster,Deedee.Oster@yopmail.com,Deedee.Oster@gmail.com,worker,376,376,376
476,Ardys,Fax,Ardys.Fax@yopmail.com,Ardys.Fax@gmail.com,worker,377,377,377
477,Charmaine,Woodberry,Charmaine.Woodberry@yopmail.com,Charmaine.Woodberry@gmail.com,developer,378,378,378
478,Sonni,Thomasina,Sonni.Thomasina@yopmail.com,Sonni.Thomasina@gmail.com,worker,379,379,379
479,Aimil,Belanger,Aimil.Belanger@yopmail.com,Aimil.Belanger@gmail.com,police officer,380,380,380
480,Lexine,Si,Lexine.Si@yopmail.com,Lexine.Si@gmail.com,firefighter,381,381,381
481,Flo,MacIntosh,Flo.MacIntosh@yopmail.com,Flo.MacIntosh@gmail.com,developer,382,382,382
482,Gale,Lareena,Gale.Lareena@yopmail.com,Gale.Lareena@gmail.com,worker,383,383,383
483,Estell,Ramona,Estell.Ramona@yopmail.com,Estell.Ramona@gmail.com,firefighter,384,384,384
484,Celestyna,Darian,Celestyna.Darian@yopmail.com,Celestyna.Darian@gmail.com,police officer,385,385,385
485,Claresta,Arquit,Claresta.Arquit@yopmail.com,Claresta.Arquit@gmail.com,worker,386,386,386
486,Nicoli,Juliet,Nicoli.Juliet@yopmail.com,Nicoli.Juliet@gmail.com,firefighter,387,387,387
487,Chandra,Lowry,Chandra.Lowry@yopmail.com,Chandra.Lowry@gmail.com,police officer,388,388,388
488,Kelly,Rustice,Kelly.Rustice@yopmail.com,Kelly.Rustice@gmail.com,worker,389,389,389
489,Deloria,Obed,Deloria.Obed@yopmail.com,Deloria.Obed@gmail.com,police officer,390,390,390
490,Philis,Gillan,Philis.Gillan@yopmail.com,Philis.Gillan@gmail.com,police officer,391,391,391
491,Therine,Muriel,Therine.Muriel@yopmail.com,Therine.Muriel@gmail.com,developer,392,392,392
492,Karlee,Dielu,Karlee.Dielu@yopmail.com,Karlee.Dielu@gmail.com,developer,393,393,393
493,Carilyn,Sallyann,Carilyn.Sallyann@yopmail.com,Carilyn.Sallyann@gmail.com,police officer,394,394,394
494,Florencia,Abram,Florencia.Abram@yopmail.com,Florencia.Abram@gmail.com,worker,395,395,395
495,Elise,Palocz,Elise.Palocz@yopmail.com,Elise.Palocz@gmail.com,developer,396,396,396
496,Oralee,Jehu,Oralee.Jehu@yopmail.com,Oralee.Jehu@gmail.com,police officer,397,397,397
497,Marline,Docilla,Marline.Docilla@yopmail.com,Marline.Docilla@gmail.com,doctor,398,398,398
498,Kalina,Grosz,Kalina.Grosz@yopmail.com,Kalina.Grosz@gmail.com,police officer,399,399,399
499,Mary,Herrera,Mary.Herrera@yopmail.com,Mary.Herrera@gmail.com,worker,400,400,400
500,Gloria,Turne,Gloria.Turne@yopmail.com,Gloria.Turne@gmail.com,developer,401,401,401
501,Noelle,Craggie,Noelle.Craggie@yopmail.com,Noelle.Craggie@gmail.com,police officer,402,402,402
502,Sarette,Ammann,Sarette.Ammann@yopmail.com,Sarette.Ammann@gmail.com,worker,403,403,403
503,Ruthe,Santoro,Ruthe.Santoro@yopmail.com,Ruthe.Santoro@gmail.com,firefighter,404,404,404
504,Bernie,Niccolo,Bernie.Niccolo@yopmail.com,Bernie.Niccolo@gmail.com,firefighter,405,405,405
505,Mathilda,Valoniah,Mathilda.Valoniah@yopmail.com,Mathilda.Valoniah@gmail.com,police officer,406,406,406
506,Gabriellia,Lumbard,Gabriellia.Lumbard@yopmail.com,Gabriellia.Lumbard@gmail.com,worker,407,407,407
507,Heddie,Delila,Heddie.Delila@yopmail.com,Heddie.Delila@gmail.com,developer,408,408,408
508,Minda,Riordan,Minda.Riordan@yopmail.com,Minda.Riordan@gmail.com,doctor,409,409,409
509,Glynnis,Fairweather,Glynnis.Fairweather@yopmail.com,Glynnis.Fairweather@gmail.com,doctor,410,410,410
510,Emilia,Ax,Emilia.Ax@yopmail.com,Emilia.Ax@gmail.com,developer,411,411,411
511,Michaelina,Nahum,Michaelina.Nahum@yopmail.com,Michaelina.Nahum@gmail.com,doctor,412,412,412
512,Bettine,Allare,Bettine.Allare@yopmail.com,Bettine.Allare@gmail.com,worker,413,413,413
513,Alisha,Astra,Alisha.Astra@yopmail.com,Alisha.Astra@gmail.com,police officer,414,414,414
514,Gerrie,Pernick,Gerrie.Pernick@yopmail.com,Gerrie.Pernick@gmail.com,worker,415,415,415
515,Cherrita,Capello,Cherrita.Capello@yopmail.com,Cherrita.Capello@gmail.com,police officer,416,416,416
516,Nerta,Bohlin,Nerta.Bohlin@yopmail.com,Nerta.Bohlin@gmail.com,police officer,417,417,417
517,Penelopa,Kronfeld,Penelopa.Kronfeld@yopmail.com,Penelopa.Kronfeld@gmail.com,developer,418,418,418
518,Judy,Hewitt,Judy.Hewitt@yopmail.com,Judy.Hewitt@gmail.com,worker,419,419,419
519,Barbi,An,Barbi.An@yopmail.com,Barbi.An@gmail.com,worker,420,420,420
520,Raina,Erlandson,Raina.Erlandson@yopmail.com,Raina.Erlandson@gmail.com,worker,421,421,421
521,Cristabel,Tryck,Cristabel.Tryck@yopmail.com,Cristabel.Tryck@gmail.com,police officer,422,422,422
522,Heida,Peti,Heida.Peti@yopmail.com,Heida.Peti@gmail.com,police officer,423,423,423
523,Nonnah,Guthrie,Nonnah.Guthrie@yopmail.com,Nonnah.Guthrie@gmail.com,police officer,424,424,424
524,Randa,Konyn,Randa.Konyn@yopmail.com,Randa.Konyn@gmail.com,firefighter,425,425,425
525,Harrietta,Anyah,Harrietta.Anyah@yopmail.com,Harrietta.Anyah@gmail.com,developer,426,426,426
526,Drucie,Wildermuth,Drucie.Wildermuth@yopmail.com,Drucie.Wildermuth@gmail.com,police officer,427,427,427
527,Danny,Zetta,Danny.Zetta@yopmail.com,Danny.Zetta@gmail.com,developer,428,428,428
528,Berta,Hessler,Berta.Hessler@yopmail.com,Berta.Hessler@gmail.com,developer,429,429,429
529,Florie,Johanna,Florie.Johanna@yopmail.com,Florie.Johanna@gmail.com,worker,430,430,430
530,Wileen,Toffic,Wileen.Toffic@yopmail.com,Wileen.Toffic@gmail.com,firefighter,431,431,431
531,Jordan,Muriel,Jordan.Muriel@yopmail.com,Jordan.Muriel@gmail.com,police officer,432,432,432
532,Edyth,Dulciana,Edyth.Dulciana@yopmail.com,Edyth.Dulciana@gmail.com,worker,433,433,433
533,Yvonne,Jaylene,Yvonne.Jaylene@yopmail.com,Yvonne.Jaylene@gmail.com,worker,434,434,434
534,Candi,Daegal,Candi.Daegal@yopmail.com,Candi.Daegal@gmail.com,firefighter,435,435,435
535,Kathy,Dash,Kathy.Dash@yopmail.com,Kathy.Dash@gmail.com,firefighter,436,436,436
536,Katleen,Kermit,Katleen.Kermit@yopmail.com,Katleen.Kermit@gmail.com,worker,437,437,437
537,Emmey,Oscar,Emmey.Oscar@yopmail.com,Emmey.Oscar@gmail.com,worker,438,438,438
538,Madeleine,Selway,Madeleine.Selway@yopmail.com,Madeleine.Selway@gmail.com,developer,439,439,439
539,Layla,Colleen,Layla.Colleen@yopmail.com,Layla.Colleen@gmail.com,worker,440,440,440
540,Therine,Chick,Therine.Chick@yopmail.com,Therine.Chick@gmail.com,police officer,441,441,441
541,Cindelyn,Merna,Cindelyn.Merna@yopmail.com,Cindelyn.Merna@gmail.com,firefighter,442,442,442
542,Adore,Stefa,Adore.Stefa@yopmail.com,Adore.Stefa@gmail.com,firefighter,443,443,443
543,Aili,Gombach,Aili.Gombach@yopmail.com,Aili.Gombach@gmail.com,doctor,444,444,444
544,Regina,Magnolia,Regina.Magnolia@yopmail.com,Regina.Magnolia@gmail.com,developer,445,445,445
545,Cathyleen,Kravits,Cathyleen.Kravits@yopmail.com,Cathyleen.Kravits@gmail.com,doctor,446,446,446
546,Libbie,Fax,Libbie.Fax@yopmail.com,Libbie.Fax@gmail.com,worker,447,447,447
547,Hannis,Izaak,Hannis.Izaak@yopmail.com,Hannis.Izaak@gmail.com,police officer,448,448,448
548,Carmencita,Grayce,Carmencita.Grayce@yopmail.com,Carmencita.Grayce@gmail.com,doctor,449,449,449
549,Gwyneth,Lattie,Gwyneth.Lattie@yopmail.com,Gwyneth.Lattie@gmail.com,firefighter,450,450,450
550,Georgina,Granoff,Georgina.Granoff@yopmail.com,Georgina.Granoff@gmail.com,doctor,451,451,451
551,Vonny,Earlie,Vonny.Earlie@yopmail.com,Vonny.Earlie@gmail.com,police officer,452,452,452
552,Adelle,Carvey,Adelle.Carvey@yopmail.com,Adelle.Carvey@gmail.com,developer,453,453,453
553,Veda,Glovsky,Veda.Glovsky@yopmail.com,Veda.Glovsky@gmail.com,police officer,454,454,454
554,Cissiee,Viddah,Cissiee.Viddah@yopmail.com,Cissiee.Viddah@gmail.com,firefighter,455,455,455
555,Ruthe,Vittoria,Ruthe.Vittoria@yopmail.com,Ruthe.Vittoria@gmail.com,police officer,456,456,456
556,Nyssa,Brandice,Nyssa.Brandice@yopmail.com,Nyssa.Brandice@gmail.com,doctor,457,457,457
557,Tami,Delp,Tami.Delp@yopmail.com,Tami.Delp@gmail.com,doctor,458,458,458
558,Collen,Brandice,Collen.Brandice@yopmail.com,Collen.Brandice@gmail.com,police officer,459,459,459
559,Tami,Lymann,Tami.Lymann@yopmail.com,Tami.Lymann@gmail.com,doctor,460,460,460
560,Claresta,Arathorn,Claresta.Arathorn@yopmail.com,Claresta.Arathorn@gmail.com,doctor,461,461,461
561,Flory,Bollay,Flory.Bollay@yopmail.com,Flory.Bollay@gmail.com,doctor,462,462,462
562,Fayre,Ophelia,Fayre.Ophelia@yopmail.com,Fayre.Ophelia@gmail.com,developer,463,463,463
563,Nannie,Stanwood,Nannie.Stanwood@yopmail.com,Nannie.Stanwood@gmail.com,developer,464,464,464
564,Aimil,Rebecka,Aimil.Rebecka@yopmail.com,Aimil.Rebecka@gmail.com,police officer,465,465,465
565,Eve,Aprile,Eve.Aprile@yopmail.com,Eve.Aprile@gmail.com,firefighter,466,466,466
566,Molli,Constancy,Molli.Constancy@yopmail.com,Molli.Constancy@gmail.com,doctor,467,467,467
567,Binny,Strephon,Binny.Strephon@yopmail.com,Binny.Strephon@gmail.com,developer,468,468,468
568,Yvonne,Ammann,Yvonne.Ammann@yopmail.com,Yvonne.Ammann@gmail.com,doctor,469,469,469
569,Kaia,Nisbet,Kaia.Nisbet@yopmail.com,Kaia.Nisbet@gmail.com,police officer,470,470,470
570,Ardenia,Shuler,Ardenia.Shuler@yopmail.com,Ardenia.Shuler@gmail.com,doctor,471,471,471
571,Kathi,Audly,Kathi.Audly@yopmail.com,Kathi.Audly@gmail.com,doctor,472,472,472
572,Dorene,Shama,Dorene.Shama@yopmail.com,Dorene.Shama@gmail.com,worker,473,473,473
573,Kara-Lynn,Stacy,Kara-Lynn.Stacy@yopmail.com,Kara-Lynn.Stacy@gmail.com,firefighter,474,474,474
574,Fanny,Larochelle,Fanny.Larochelle@yopmail.com,Fanny.Larochelle@gmail.com,firefighter,475,475,475
575,Renie,Means,Renie.Means@yopmail.com,Renie.Means@gmail.com,developer,476,476,476
576,Tobe,Loring,Tobe.Loring@yopmail.com,Tobe.Loring@gmail.com,doctor,477,477,477
577,Merci,Earlie,Merci.Earlie@yopmail.com,Merci.Earlie@gmail.com,doctor,478,478,478
578,Amii,Boycey,Amii.Boycey@yopmail.com,Amii.Boycey@gmail.com,police officer,479,479,479
579,Arabel,Tiffa,Arabel.Tiffa@yopmail.com,Arabel.Tiffa@gmail.com,doctor,480,480,480
580,Sharlene,Garek,Sharlene.Garek@yopmail.com,Sharlene.Garek@gmail.com,doctor,481,481,481
581,Courtnay,Berard,Courtnay.Berard@yopmail.com,Courtnay.Berard@gmail.com,developer,482,482,482
582,Nonnah,Cassius,Nonnah.Cassius@yopmail.com,Nonnah.Cassius@gmail.com,firefighter,483,483,483
583,Darlleen,Decato,Darlleen.Decato@yopmail.com,Darlleen.Decato@gmail.com,developer,484,484,484
584,Lila,Maples,Lila.Maples@yopmail.com,Lila.Maples@gmail.com,doctor,485,485,485
585,Lyssa,Ummersen,Lyssa.Ummersen@yopmail.com,Lyssa.Ummersen@gmail.com,developer,486,486,486
586,Krystle,Hurley,Krystle.Hurley@yopmail.com,Krystle.Hurley@gmail.com,firefighter,487,487,487
587,Aryn,Crudden,Aryn.Crudden@yopmail.com,Aryn.Crudden@gmail.com,firefighter,488,488,488
588,Nyssa,Charity,Nyssa.Charity@yopmail.com,Nyssa.Charity@gmail.com,police officer,489,489,489
589,Emelina,Voletta,Emelina.Voletta@yopmail.com,Emelina.Voletta@gmail.com,developer,490,490,490
590,Isa,Kosey,Isa.Kosey@yopmail.com,Isa.Kosey@gmail.com,doctor,491,491,491
591,Kara-Lynn,Raychel,Kara-Lynn.Raychel@yopmail.com,Kara-Lynn.Raychel@gmail.com,doctor,492,492,492
592,Kristan,Catie,Kristan.Catie@yopmail.com,Kristan.Catie@gmail.com,police officer,493,493,493
593,Maridel,Cadmar,Maridel.Cadmar@yopmail.com,Maridel.Cadmar@gmail.com,worker,494,494,494
594,Lexine,Gert,Lexine.Gert@yopmail.com,Lexine.Gert@gmail.com,worker,495,495,495
595,Elsie,Mitzi,Elsie.Mitzi@yopmail.com,Elsie.Mitzi@gmail.com,police officer,496,496,496
596,Glynnis,Durante,Glynnis.Durante@yopmail.com,Glynnis.Durante@gmail.com,doctor,497,497,497
597,Sashenka,Sammons,Sashenka.Sammons@yopmail.com,Sashenka.Sammons@gmail.com,firefighter,498,498,498
598,Catharine,Japeth,Catharine.Japeth@yopmail.com,Catharine.Japeth@gmail.com,developer,499,499,499
599,Minda,Vacuva,Minda.Vacuva@yopmail.com,Minda.Vacuva@gmail.com,police officer,500,500,500
600,Marcelline,Bluh,Marcelline.Bluh@yopmail.com,Marcelline.Bluh@gmail.com,firefighter,501,501,501
601,Pearline,Fax,Pearline.Fax@yopmail.com,Pearline.Fax@gmail.com,developer,502,502,502
602,Layla,Neils,Layla.Neils@yopmail.com,Layla.Neils@gmail.com,police officer,503,503,503
603,Gilligan,Therine,Gilligan.Therine@yopmail.com,Gilligan.Therine@gmail.com,worker,504,504,504
604,Jaclyn,Maroney,Jaclyn.Maroney@yopmail.com,Jaclyn.Maroney@gmail.com,police officer,505,505,505
605,Cathie,Muriel,Cathie.Muriel@yopmail.com,Cathie.Muriel@gmail.com,developer,506,506,506
606,Coral,Aurelio,Coral.Aurelio@yopmail.com,Coral.Aurelio@gmail.com,worker,507,507,507
607,Elvira,Bultman,Elvira.Bultman@yopmail.com,Elvira.Bultman@gmail.com,doctor,508,508,508
608,June,Stefa,June.Stefa@yopmail.com,June.Stefa@gmail.com,police officer,509,509,509
609,Odessa,Arne,Odessa.Arne@yopmail.com,Odessa.Arne@gmail.com,police officer,510,510,510
610,Bettine,Cottle,Bettine.Cottle@yopmail.com,Bettine.Cottle@gmail.com,worker,511,511,511
611,Delilah,Beebe,Delilah.Beebe@yopmail.com,Delilah.Beebe@gmail.com,firefighter,512,512,512
612,Ada,Erb,Ada.Erb@yopmail.com,Ada.Erb@gmail.com,police officer,513,513,513
613,Hayley,Pond,Hayley.Pond@yopmail.com,Hayley.Pond@gmail.com,worker,514,514,514
614,Marinna,Cynar,Marinna.Cynar@yopmail.com,Marinna.Cynar@gmail.com,police officer,515,515,515
615,Viviene,Dahlia,Viviene.Dahlia@yopmail.com,Viviene.Dahlia@gmail.com,worker,516,516,516
616,Tabbatha,Thunell,Tabbatha.Thunell@yopmail.com,Tabbatha.Thunell@gmail.com,police officer,517,517,517
617,Thalia,Hillel,Thalia.Hillel@yopmail.com,Thalia.Hillel@gmail.com,doctor,518,518,518
618,Dede,Corilla,Dede.Corilla@yopmail.com,Dede.Corilla@gmail.com,police officer,519,519,519
619,Ilse,Pascia,Ilse.Pascia@yopmail.com,Ilse.Pascia@gmail.com,police officer,520,520,520
620,Maye,Kunin,Maye.Kunin@yopmail.com,Maye.Kunin@gmail.com,firefighter,521,521,521
621,Justinn,Ralfston,Justinn.Ralfston@yopmail.com,Justinn.Ralfston@gmail.com,developer,522,522,522
622,Susan,Weinreb,Susan.Weinreb@yopmail.com,Susan.Weinreb@gmail.com,worker,523,523,523
623,Candi,Celestine,Candi.Celestine@yopmail.com,Candi.Celestine@gmail.com,doctor,524,524,524
624,Oona,Cullin,Oona.Cullin@yopmail.com,Oona.Cullin@gmail.com,doctor,525,525,525
625,Minne,Wattenberg,Minne.Wattenberg@yopmail.com,Minne.Wattenberg@gmail.com,firefighter,526,526,526
626,Delilah,Nester,Delilah.Nester@yopmail.com,Delilah.Nester@gmail.com,police officer,527,527,527
627,Florencia,Briney,Florencia.Briney@yopmail.com,Florencia.Briney@gmail.com,worker,528,528,528
628,Mallory,Ranjiv,Mallory.Ranjiv@yopmail.com,Mallory.Ranjiv@gmail.com,developer,529,529,529
629,Ronna,Ferino,Ronna.Ferino@yopmail.com,Ronna.Ferino@gmail.com,worker,530,530,530
630,Luci,Dunkin,Luci.Dunkin@yopmail.com,Luci.Dunkin@gmail.com,doctor,531,531,531
631,Orelia,Luhe,Orelia.Luhe@yopmail.com,Orelia.Luhe@gmail.com,firefighter,532,532,532
632,Ronna,Sikorski,Ronna.Sikorski@yopmail.com,Ronna.Sikorski@gmail.com,developer,533,533,533
633,Arlina,Artie,Arlina.Artie@yopmail.com,Arlina.Artie@gmail.com,worker,534,534,534
634,Nollie,Izaak,Nollie.Izaak@yopmail.com,Nollie.Izaak@gmail.com,developer,535,535,535
635,Veda,Cath,Veda.Cath@yopmail.com,Veda.Cath@gmail.com,worker,536,536,536
636,Margalo,Bord,Margalo.Bord@yopmail.com,Margalo.Bord@gmail.com,doctor,537,537,537
637,Mathilda,Armanda,Mathilda.Armanda@yopmail.com,Mathilda.Armanda@gmail.com,firefighter,538,538,538
638,Chere,Kirbee,Chere.Kirbee@yopmail.com,Chere.Kirbee@gmail.com,firefighter,539,539,539
639,Allis,Jotham,Allis.Jotham@yopmail.com,Allis.Jotham@gmail.com,developer,540,540,540
640,Barbi,Amadas,Barbi.Amadas@yopmail.com,Barbi.Amadas@gmail.com,worker,541,541,541
641,Merry,Federica,Merry.Federica@yopmail.com,Merry.Federica@gmail.com,worker,542,542,542
642,Kalina,Morehouse,Kalina.Morehouse@yopmail.com,Kalina.Morehouse@gmail.com,developer,543,543,543
643,Sabina,Mozelle,Sabina.Mozelle@yopmail.com,Sabina.Mozelle@gmail.com,doctor,544,544,544
644,Therine,Jalbert,Therine.Jalbert@yopmail.com,Therine.Jalbert@gmail.com,worker,545,545,545
645,Leontine,Gaspard,Leontine.Gaspard@yopmail.com,Leontine.Gaspard@gmail.com,developer,546,546,546
646,Kirstin,Trace,Kirstin.Trace@yopmail.com,Kirstin.Trace@gmail.com,firefighter,547,547,547
647,Lynea,Pozzy,Lynea.Pozzy@yopmail.com,Lynea.Pozzy@gmail.com,police officer,548,548,548
648,Olivette,Andrel,Olivette.Andrel@yopmail.com,Olivette.Andrel@gmail.com,doctor,549,549,549
649,Linet,Artie,Linet.Artie@yopmail.com,Linet.Artie@gmail.com,firefighter,550,550,550
650,Maud,Truc,Maud.Truc@yopmail.com,Maud.Truc@gmail.com,developer,551,551,551
651,Hope,Killigrew,Hope.Killigrew@yopmail.com,Hope.Killigrew@gmail.com,developer,552,552,552
652,Lizzie,Wandie,Lizzie.Wandie@yopmail.com,Lizzie.Wandie@gmail.com,worker,553,553,553
653,Zsa Zsa,Ramona,Zsa Zsa.Ramona@yopmail.com,Zsa Zsa.Ramona@gmail.com,developer,554,554,554
654,Fina,Flita,Fina.Flita@yopmail.com,Fina.Flita@gmail.com,firefighter,555,555,555
655,Laurene,Felecia,Laurene.Felecia@yopmail.com,Laurene.Felecia@gmail.com,developer,556,556,556
656,Marleah,Beebe,Marleah.Beebe@yopmail.com,Marleah.Beebe@gmail.com,developer,557,557,557
657,Marcy,Ophelia,Marcy.Ophelia@yopmail.com,Marcy.Ophelia@gmail.com,developer,558,558,558
658,Danika,Alejoa,Danika.Alejoa@yopmail.com,Danika.Alejoa@gmail.com,worker,559,559,559
659,Chastity,Sherfield,Chastity.Sherfield@yopmail.com,Chastity.Sherfield@gmail.com,worker,560,560,560
660,Robinia,Allina,Robinia.Allina@yopmail.com,Robinia.Allina@gmail.com,developer,561,561,561
661,Roz,Amadas,Roz.Amadas@yopmail.com,Roz.Amadas@gmail.com,firefighter,562,562,562
662,Edyth,Dowski,Edyth.Dowski@yopmail.com,Edyth.Dowski@gmail.com,developer,563,563,563
663,Katuscha,Sidonius,Katuscha.Sidonius@yopmail.com,Katuscha.Sidonius@gmail.com,firefighter,564,564,564
664,Celestyna,Zamora,Celestyna.Zamora@yopmail.com,Celestyna.Zamora@gmail.com,firefighter,565,565,565
665,Cathie,Bivins,Cathie.Bivins@yopmail.com,Cathie.Bivins@gmail.com,firefighter,566,566,566
666,Darci,Damarra,Darci.Damarra@yopmail.com,Darci.Damarra@gmail.com,police officer,567,567,567
667,Brietta,Afton,Brietta.Afton@yopmail.com,Brietta.Afton@gmail.com,doctor,568,568,568
668,Diena,Trace,Diena.Trace@yopmail.com,Diena.Trace@gmail.com,doctor,569,569,569
669,Lulita,Othilia,Lulita.Othilia@yopmail.com,Lulita.Othilia@gmail.com,worker,570,570,570
670,Mignon,Hilbert,Mignon.Hilbert@yopmail.com,Mignon.Hilbert@gmail.com,police officer,571,571,571
671,Xylina,Ovid,Xylina.Ovid@yopmail.com,Xylina.Ovid@gmail.com,firefighter,572,572,572
672,Glynnis,Kauppi,Glynnis.Kauppi@yopmail.com,Glynnis.Kauppi@gmail.com,police officer,573,573,573
673,Karina,Myrilla,Karina.Myrilla@yopmail.com,Karina.Myrilla@gmail.com,doctor,574,574,574
674,Gloria,Stoller,Gloria.Stoller@yopmail.com,Gloria.Stoller@gmail.com,developer,575,575,575
675,Anestassia,Juliet,Anestassia.Juliet@yopmail.com,Anestassia.Juliet@gmail.com,developer,576,576,576
676,Mariann,Bronk,Mariann.Bronk@yopmail.com,Mariann.Bronk@gmail.com,worker,577,577,577
677,Marti,McAdams,Marti.McAdams@yopmail.com,Marti.McAdams@gmail.com,police officer,578,578,578
678,Mathilda,Odysseus,Mathilda.Odysseus@yopmail.com,Mathilda.Odysseus@gmail.com,firefighter,579,579,579
679,Deloria,Cristi,Deloria.Cristi@yopmail.com,Deloria.Cristi@gmail.com,developer,580,580,580
680,Edee,Huggins,Edee.Huggins@yopmail.com,Edee.Huggins@gmail.com,worker,581,581,581
681,Marylou,Sibyls,Marylou.Sibyls@yopmail.com,Marylou.Sibyls@gmail.com,police officer,582,582,582
682,Averyl,Ferino,Averyl.Ferino@yopmail.com,Averyl.Ferino@gmail.com,developer,583,583,583
683,Rosene,Margret,Rosene.Margret@yopmail.com,Rosene.Margret@gmail.com,doctor,584,584,584
684,Glenda,Cimbura,Glenda.Cimbura@yopmail.com,Glenda.Cimbura@gmail.com,firefighter,585,585,585
685,Farrah,Barbey,Farrah.Barbey@yopmail.com,Farrah.Barbey@gmail.com,firefighter,586,586,586
686,Lily,Brandice,Lily.Brandice@yopmail.com,Lily.Brandice@gmail.com,developer,587,587,587
687,Lenna,McGrody,Lenna.McGrody@yopmail.com,Lenna.McGrody@gmail.com,police officer,588,588,588
688,Cissiee,Uund,Cissiee.Uund@yopmail.com,Cissiee.Uund@gmail.com,firefighter,589,589,589
689,Corina,Rolf,Corina.Rolf@yopmail.com,Corina.Rolf@gmail.com,firefighter,590,590,590
690,Alleen,Silvan,Alleen.Silvan@yopmail.com,Alleen.Silvan@gmail.com,doctor,591,591,591
691,Nariko,Jammal,Nariko.Jammal@yopmail.com,Nariko.Jammal@gmail.com,firefighter,592,592,592
692,Paulita,Wind,Paulita.Wind@yopmail.com,Paulita.Wind@gmail.com,worker,593,593,593
693,Ada,Lane,Ada.Lane@yopmail.com,Ada.Lane@gmail.com,worker,594,594,594
694,Renae,Jammal,Renae.Jammal@yopmail.com,Renae.Jammal@gmail.com,police officer,595,595,595
695,Adele,Ambrosia,Adele.Ambrosia@yopmail.com,Adele.Ambrosia@gmail.com,police officer,596,596,596
696,Brietta,Urania,Brietta.Urania@yopmail.com,Brietta.Urania@gmail.com,firefighter,597,597,597
697,Roberta,Roscoe,Roberta.Roscoe@yopmail.com,Roberta.Roscoe@gmail.com,police officer,598,598,598
698,Nyssa,Simmonds,Nyssa.Simmonds@yopmail.com,Nyssa.Simmonds@gmail.com,developer,599,599,599
699,Ardeen,Baylor,Ardeen.Baylor@yopmail.com,Ardeen.Baylor@gmail.com,firefighter,600,600,600
700,Thalia,Adamsen,Thalia.Adamsen@yopmail.com,Thalia.Adamsen@gmail.com,developer,601,601,601
701,Carol-Jean,Paton,Carol-Jean.Paton@yopmail.com,Carol-Jean.Paton@gmail.com,worker,602,602,602
702,Tarra,Sundin,Tarra.Sundin@yopmail.com,Tarra.Sundin@gmail.com,worker,603,603,603
703,Madalyn,Herrera,Madalyn.Herrera@yopmail.com,Madalyn.Herrera@gmail.com,worker,604,604,604
704,Adele,Land,Adele.Land@yopmail.com,Adele.Land@gmail.com,worker,605,605,605
705,Carol-Jean,Vilma,Carol-Jean.Vilma@yopmail.com,Carol-Jean.Vilma@gmail.com,firefighter,606,606,606
706,Mady,Buffum,Mady.Buffum@yopmail.com,Mady.Buffum@gmail.com,developer,607,607,607
707,Brianna,Erich,Brianna.Erich@yopmail.com,Brianna.Erich@gmail.com,developer,608,608,608
708,Selma,Infield,Selma.Infield@yopmail.com,Selma.Infield@gmail.com,worker,609,609,609
709,Amalie,Delp,Amalie.Delp@yopmail.com,Amalie.Delp@gmail.com,worker,610,610,610
710,Raina,Lattie,Raina.Lattie@yopmail.com,Raina.Lattie@gmail.com,worker,611,611,611
711,Leona,Talia,Leona.Talia@yopmail.com,Leona.Talia@gmail.com,worker,612,612,612
712,Madeleine,Herrera,Madeleine.Herrera@yopmail.com,Madeleine.Herrera@gmail.com,worker,613,613,613
713,Patricia,Eachern,Patricia.Eachern@yopmail.com,Patricia.Eachern@gmail.com,doctor,614,614,614
714,Jackie,Garlinda,Jackie.Garlinda@yopmail.com,Jackie.Garlinda@gmail.com,developer,615,615,615
715,Lita,Curren,Lita.Curren@yopmail.com,Lita.Curren@gmail.com,firefighter,616,616,616
716,Eadie,Cynar,Eadie.Cynar@yopmail.com,Eadie.Cynar@gmail.com,firefighter,617,617,617
717,Marinna,Mehalek,Marinna.Mehalek@yopmail.com,Marinna.Mehalek@gmail.com,doctor,618,618,618
718,Nonnah,Byrne,Nonnah.Byrne@yopmail.com,Nonnah.Byrne@gmail.com,police officer,619,619,619
719,Ulrike,Mata,Ulrike.Mata@yopmail.com,Ulrike.Mata@gmail.com,worker,620,620,620
720,Rayna,Howlyn,Rayna.Howlyn@yopmail.com,Rayna.Howlyn@gmail.com,doctor,621,621,621
721,Tabbatha,Sidonius,Tabbatha.Sidonius@yopmail.com,Tabbatha.Sidonius@gmail.com,doctor,622,622,622
722,Myriam,Ehrman,Myriam.Ehrman@yopmail.com,Myriam.Ehrman@gmail.com,doctor,623,623,623
723,Madeleine,Atcliffe,Madeleine.Atcliffe@yopmail.com,Madeleine.Atcliffe@gmail.com,doctor,624,624,624
724,Yolane,Danby,Yolane.Danby@yopmail.com,Yolane.Danby@gmail.com,developer,625,625,625
725,Ericka,Sundin,Ericka.Sundin@yopmail.com,Ericka.Sundin@gmail.com,doctor,626,626,626
726,Annecorinne,Graig,Annecorinne.Graig@yopmail.com,Annecorinne.Graig@gmail.com,developer,627,627,627
727,Cecile,Chaing,Cecile.Chaing@yopmail.com,Cecile.Chaing@gmail.com,worker,628,628,628
728,Charlena,Daegal,Charlena.Daegal@yopmail.com,Charlena.Daegal@gmail.com,firefighter,629,629,629
729,Carmela,Barrus,Carmela.Barrus@yopmail.com,Carmela.Barrus@gmail.com,doctor,630,630,630
730,Micheline,Jess,Micheline.Jess@yopmail.com,Micheline.Jess@gmail.com,worker,631,631,631
731,Chere,Liva,Chere.Liva@yopmail.com,Chere.Liva@gmail.com,police officer,632,632,632
732,Elise,Girardo,Elise.Girardo@yopmail.com,Elise.Girardo@gmail.com,doctor,633,633,633
733,Charlena,Celestine,Charlena.Celestine@yopmail.com,Charlena.Celestine@gmail.com,developer,634,634,634
734,Eolanda,Dudley,Eolanda.Dudley@yopmail.com,Eolanda.Dudley@gmail.com,doctor,635,635,635
735,Brietta,Egbert,Brietta.Egbert@yopmail.com,Brietta.Egbert@gmail.com,developer,636,636,636
736,Brianna,Lasley,Brianna.Lasley@yopmail.com,Brianna.Lasley@gmail.com,police officer,637,637,637
737,Noelle,Howlyn,Noelle.Howlyn@yopmail.com,Noelle.Howlyn@gmail.com,police officer,638,638,638
738,Dione,Toor,Dione.Toor@yopmail.com,Dione.Toor@gmail.com,developer,639,639,639
739,Regina,Lareena,Regina.Lareena@yopmail.com,Regina.Lareena@gmail.com,firefighter,640,640,640
740,Consuela,Zaslow,Consuela.Zaslow@yopmail.com,Consuela.Zaslow@gmail.com,police officer,641,641,641
741,Fanchon,Franza,Fanchon.Franza@yopmail.com,Fanchon.Franza@gmail.com,police officer,642,642,642
742,Delilah,Juliet,Delilah.Juliet@yopmail.com,Delilah.Juliet@gmail.com,doctor,643,643,643
743,Dale,Therine,Dale.Therine@yopmail.com,Dale.Therine@gmail.com,doctor,644,644,644
744,Maisey,Eno,Maisey.Eno@yopmail.com,Maisey.Eno@gmail.com,police officer,645,645,645
745,Elka,Arquit,Elka.Arquit@yopmail.com,Elka.Arquit@gmail.com,firefighter,646,646,646
746,Leontine,Henrie,Leontine.Henrie@yopmail.com,Leontine.Henrie@gmail.com,worker,647,647,647
747,Florencia,Morrill,Florencia.Morrill@yopmail.com,Florencia.Morrill@gmail.com,firefighter,648,648,648
748,Deedee,Byrne,Deedee.Byrne@yopmail.com,Deedee.Byrne@gmail.com,doctor,649,649,649
749,Estell,Lorenz,Estell.Lorenz@yopmail.com,Estell.Lorenz@gmail.com,developer,650,650,650
750,Cordi,Montgomery,Cordi.Montgomery@yopmail.com,Cordi.Montgomery@gmail.com,doctor,651,651,651
751,Priscilla,Ortrude,Priscilla.Ortrude@yopmail.com,Priscilla.Ortrude@gmail.com,worker,652,652,652
752,Tera,Lalitta,Tera.Lalitta@yopmail.com,Tera.Lalitta@gmail.com,worker,653,653,653
753,Elfreda,Elephus,Elfreda.Elephus@yopmail.com,Elfreda.Elephus@gmail.com,worker,654,654,654
754,Joane,Jammal,Joane.Jammal@yopmail.com,Joane.Jammal@gmail.com,police officer,655,655,655
755,Alex,Adore,Alex.Adore@yopmail.com,Alex.Adore@gmail.com,developer,656,656,656
756,Gloria,Woodberry,Gloria.Woodberry@yopmail.com,Gloria.Woodberry@gmail.com,worker,657,657,657
757,Aimil,Randene,Aimil.Randene@yopmail.com,Aimil.Randene@gmail.com,firefighter,658,658,658
758,Linzy,Katrine,Linzy.Katrine@yopmail.com,Linzy.Katrine@gmail.com,developer,659,659,659
759,Neila,Eachern,Neila.Eachern@yopmail.com,Neila.Eachern@gmail.com,worker,660,660,660
760,Aubrie,Rillings,Aubrie.Rillings@yopmail.com,Aubrie.Rillings@gmail.com,developer,661,661,661
761,Rayna,Letsou,Rayna.Letsou@yopmail.com,Rayna.Letsou@gmail.com,doctor,662,662,662
762,Oona,Creamer,Oona.Creamer@yopmail.com,Oona.Creamer@gmail.com,developer,663,663,663
763,Mildrid,Eiser,Mildrid.Eiser@yopmail.com,Mildrid.Eiser@gmail.com,police officer,664,664,664
764,Elka,Rhu,Elka.Rhu@yopmail.com,Elka.Rhu@gmail.com,police officer,665,665,665
765,Aurore,Cyrie,Aurore.Cyrie@yopmail.com,Aurore.Cyrie@gmail.com,doctor,666,666,666
766,Roxane,Yerkovich,Roxane.Yerkovich@yopmail.com,Roxane.Yerkovich@gmail.com,worker,667,667,667
767,Sidoney,Brittani,Sidoney.Brittani@yopmail.com,Sidoney.Brittani@gmail.com,doctor,668,668,668
768,Ursulina,Lesley,Ursulina.Lesley@yopmail.com,Ursulina.Lesley@gmail.com,police officer,669,669,669
769,Kara-Lynn,Philoo,Kara-Lynn.Philoo@yopmail.com,Kara-Lynn.Philoo@gmail.com,police officer,670,670,670
770,Wynne,Bow,Wynne.Bow@yopmail.com,Wynne.Bow@gmail.com,firefighter,671,671,671
771,Kial,Pip,Kial.Pip@yopmail.com,Kial.Pip@gmail.com,doctor,672,672,672
772,Iseabal,Sasnett,Iseabal.Sasnett@yopmail.com,Iseabal.Sasnett@gmail.com,worker,673,673,673
773,Marinna,Scammon,Marinna.Scammon@yopmail.com,Marinna.Scammon@gmail.com,firefighter,674,674,674
774,Feliza,Gavrila,Feliza.Gavrila@yopmail.com,Feliza.Gavrila@gmail.com,police officer,675,675,675
775,Morganica,Clara,Morganica.Clara@yopmail.com,Morganica.Clara@gmail.com,firefighter,676,676,676
776,Teriann,Kellby,Teriann.Kellby@yopmail.com,Teriann.Kellby@gmail.com,doctor,677,677,677
777,Vere,Montgomery,Vere.Montgomery@yopmail.com,Vere.Montgomery@gmail.com,worker,678,678,678
778,Keelia,Faria,Keelia.Faria@yopmail.com,Keelia.Faria@gmail.com,developer,679,679,679
779,Lacie,Vilma,Lacie.Vilma@yopmail.com,Lacie.Vilma@gmail.com,police officer,680,680,680
780,Gwyneth,Alisia,Gwyneth.Alisia@yopmail.com,Gwyneth.Alisia@gmail.com,developer,681,681,681
781,Correy,Zenas,Correy.Zenas@yopmail.com,Correy.Zenas@gmail.com,developer,682,682,682
782,Orelia,Lauraine,Orelia.Lauraine@yopmail.com,Orelia.Lauraine@gmail.com,worker,683,683,683
783,Kate,Mintz,Kate.Mintz@yopmail.com,Kate.Mintz@gmail.com,worker,684,684,684
784,Judy,Plato,Judy.Plato@yopmail.com,Judy.Plato@gmail.com,firefighter,685,685,685
785,Sara-Ann,Fiester,Sara-Ann.Fiester@yopmail.com,Sara-Ann.Fiester@gmail.com,doctor,686,686,686
786,Caryl,Gamaliel,Caryl.Gamaliel@yopmail.com,Caryl.Gamaliel@gmail.com,firefighter,687,687,687
787,Agnese,Alrich,Agnese.Alrich@yopmail.com,Agnese.Alrich@gmail.com,developer,688,688,688
788,Cathie,Bobbee,Cathie.Bobbee@yopmail.com,Cathie.Bobbee@gmail.com,police officer,689,689,689
789,Elsie,Bertold,Elsie.Bertold@yopmail.com,Elsie.Bertold@gmail.com,developer,690,690,690
790,Anallese,Melleta,Anallese.Melleta@yopmail.com,Anallese.Melleta@gmail.com,doctor,691,691,691
791,Kathi,Stover,Kathi.Stover@yopmail.com,Kathi.Stover@gmail.com,developer,692,692,692
792,Shel,Sharl,Shel.Sharl@yopmail.com,Shel.Sharl@gmail.com,firefighter,693,693,693
793,Olwen,Jagir,Olwen.Jagir@yopmail.com,Olwen.Jagir@gmail.com,police officer,694,694,694
794,Kirbee,Old,Kirbee.Old@yopmail.com,Kirbee.Old@gmail.com,firefighter,695,695,695
795,Mahalia,Vharat,Mahalia.Vharat@yopmail.com,Mahalia.Vharat@gmail.com,firefighter,696,696,696
796,Max,Morehouse,Max.Morehouse@yopmail.com,Max.Morehouse@gmail.com,firefighter,697,697,697
797,Gilda,Thema,Gilda.Thema@yopmail.com,Gilda.Thema@gmail.com,doctor,698,698,698
798,Lizzie,Carey,Lizzie.Carey@yopmail.com,Lizzie.Carey@gmail.com,police officer,699,699,699
799,Melisent,Bury,Melisent.Bury@yopmail.com,Melisent.Bury@gmail.com,firefighter,700,700,700
800,Evaleen,Chrystel,Evaleen.Chrystel@yopmail.com,Evaleen.Chrystel@gmail.com,firefighter,701,701,701
801,Asia,Ade,Asia.Ade@yopmail.com,Asia.Ade@gmail.com,firefighter,702,702,702
802,Cam,Celestine,Cam.Celestine@yopmail.com,Cam.Celestine@gmail.com,doctor,703,703,703
803,Linzy,Amand,Linzy.Amand@yopmail.com,Linzy.Amand@gmail.com,developer,704,704,704
804,Annaliese,Olympium,Annaliese.Olympium@yopmail.com,Annaliese.Olympium@gmail.com,police officer,705,705,705
805,Jessamyn,Harned,Jessamyn.Harned@yopmail.com,Jessamyn.Harned@gmail.com,police officer,706,706,706
806,Nelle,Eno,Nelle.Eno@yopmail.com,Nelle.Eno@gmail.com,worker,707,707,707
807,Starla,Richers,Starla.Richers@yopmail.com,Starla.Richers@gmail.com,developer,708,708,708
808,Linzy,Ezar,Linzy.Ezar@yopmail.com,Linzy.Ezar@gmail.com,developer,709,709,709
809,Jany,Cavan,Jany.Cavan@yopmail.com,Jany.Cavan@gmail.com,police officer,710,710,710
810,Lynde,Melan,Lynde.Melan@yopmail.com,Lynde.Melan@gmail.com,worker,711,711,711
811,Siana,Pillsbury,Siana.Pillsbury@yopmail.com,Siana.Pillsbury@gmail.com,doctor,712,712,712
812,Teriann,Yam,Teriann.Yam@yopmail.com,Teriann.Yam@gmail.com,doctor,713,713,713
813,Brandise,Deny,Brandise.Deny@yopmail.com,Brandise.Deny@gmail.com,firefighter,714,714,714
814,Briney,Kathie,Briney.Kathie@yopmail.com,Briney.Kathie@gmail.com,worker,715,715,715
815,Devina,Roumell,Devina.Roumell@yopmail.com,Devina.Roumell@gmail.com,worker,716,716,716
816,Cathie,Hirsch,Cathie.Hirsch@yopmail.com,Cathie.Hirsch@gmail.com,developer,717,717,717
817,Flory,Faso,Flory.Faso@yopmail.com,Flory.Faso@gmail.com,worker,718,718,718
818,Lacie,Hoenack,Lacie.Hoenack@yopmail.com,Lacie.Hoenack@gmail.com,worker,719,719,719
819,Stacey,Firmin,Stacey.Firmin@yopmail.com,Stacey.Firmin@gmail.com,police officer,720,720,720
820,Ayn,Gino,Ayn.Gino@yopmail.com,Ayn.Gino@gmail.com,police officer,721,721,721
821,Janenna,Roxanna,Janenna.Roxanna@yopmail.com,Janenna.Roxanna@gmail.com,police officer,722,722,722
822,Fidelia,Ardeha,Fidelia.Ardeha@yopmail.com,Fidelia.Ardeha@gmail.com,police officer,723,723,723
823,Corry,Silvan,Corry.Silvan@yopmail.com,Corry.Silvan@gmail.com,firefighter,724,724,724
824,Ilse,Raffo,Ilse.Raffo@yopmail.com,Ilse.Raffo@gmail.com,police officer,725,725,725
825,Arlena,Pascia,Arlena.Pascia@yopmail.com,Arlena.Pascia@gmail.com,firefighter,726,726,726
826,Elka,LaRue,Elka.LaRue@yopmail.com,Elka.LaRue@gmail.com,doctor,727,727,727
827,Marita,McClimans,Marita.McClimans@yopmail.com,Marita.McClimans@gmail.com,police officer,728,728,728
828,Lory,Evangelia,Lory.Evangelia@yopmail.com,Lory.Evangelia@gmail.com,doctor,729,729,729
829,Sashenka,Gherardo,Sashenka.Gherardo@yopmail.com,Sashenka.Gherardo@gmail.com,firefighter,730,730,730
830,Noelle,Vilma,Noelle.Vilma@yopmail.com,Noelle.Vilma@gmail.com,firefighter,731,731,731
831,Gui,Tannie,Gui.Tannie@yopmail.com,Gui.Tannie@gmail.com,developer,732,732,732
832,Julieta,Dex,Julieta.Dex@yopmail.com,Julieta.Dex@gmail.com,worker,733,733,733
833,Jan,Stover,Jan.Stover@yopmail.com,Jan.Stover@gmail.com,police officer,734,734,734
834,Bernie,Edvard,Bernie.Edvard@yopmail.com,Bernie.Edvard@gmail.com,worker,735,735,735
835,Paola,Bashemeth,Paola.Bashemeth@yopmail.com,Paola.Bashemeth@gmail.com,firefighter,736,736,736
836,Paola,Si,Paola.Si@yopmail.com,Paola.Si@gmail.com,police officer,737,737,737
837,Riannon,Modie,Riannon.Modie@yopmail.com,Riannon.Modie@gmail.com,developer,738,738,738
838,Janeczka,Cohdwell,Janeczka.Cohdwell@yopmail.com,Janeczka.Cohdwell@gmail.com,worker,739,739,739
839,Elbertina,Schenck,Elbertina.Schenck@yopmail.com,Elbertina.Schenck@gmail.com,worker,740,740,740
840,Chrystel,Schenck,Chrystel.Schenck@yopmail.com,Chrystel.Schenck@gmail.com,police officer,741,741,741
841,Claresta,Kelula,Claresta.Kelula@yopmail.com,Claresta.Kelula@gmail.com,developer,742,742,742
842,Nikki,Therine,Nikki.Therine@yopmail.com,Nikki.Therine@gmail.com,developer,743,743,743
843,Ermengarde,Annabella,Ermengarde.Annabella@yopmail.com,Ermengarde.Annabella@gmail.com,developer,744,744,744
844,Hope,Leler,Hope.Leler@yopmail.com,Hope.Leler@gmail.com,developer,745,745,745
845,Magdalena,Lumbard,Magdalena.Lumbard@yopmail.com,Magdalena.Lumbard@gmail.com,police officer,746,746,746
846,Norine,Cynar,Norine.Cynar@yopmail.com,Norine.Cynar@gmail.com,police officer,747,747,747
847,Kial,Tremayne,Kial.Tremayne@yopmail.com,Kial.Tremayne@gmail.com,developer,748,748,748
848,Winifred,Hailee,Winifred.Hailee@yopmail.com,Winifred.Hailee@gmail.com,worker,749,749,749
849,Lisette,Jotham,Lisette.Jotham@yopmail.com,Lisette.Jotham@gmail.com,police officer,750,750,750
850,Fanny,Bahr,Fanny.Bahr@yopmail.com,Fanny.Bahr@gmail.com,worker,751,751,751
851,Hope,Norrie,Hope.Norrie@yopmail.com,Hope.Norrie@gmail.com,worker,752,752,752
852,Dagmar,Fabiola,Dagmar.Fabiola@yopmail.com,Dagmar.Fabiola@gmail.com,worker,753,753,753
853,Marline,Roumell,Marline.Roumell@yopmail.com,Marline.Roumell@gmail.com,developer,754,754,754
854,Althea,Hewitt,Althea.Hewitt@yopmail.com,Althea.Hewitt@gmail.com,developer,755,755,755
855,Dianemarie,Baylor,Dianemarie.Baylor@yopmail.com,Dianemarie.Baylor@gmail.com,worker,756,756,756
856,Tracey,Kannry,Tracey.Kannry@yopmail.com,Tracey.Kannry@gmail.com,firefighter,757,757,757
857,Kathi,Kussell,Kathi.Kussell@yopmail.com,Kathi.Kussell@gmail.com,worker,758,758,758
858,Josephine,Hubert,Josephine.Hubert@yopmail.com,Josephine.Hubert@gmail.com,worker,759,759,759
859,Ingrid,Skurnik,Ingrid.Skurnik@yopmail.com,Ingrid.Skurnik@gmail.com,doctor,760,760,760
860,Ardenia,Allina,Ardenia.Allina@yopmail.com,Ardenia.Allina@gmail.com,doctor,761,761,761
861,Bertine,Phi,Bertine.Phi@yopmail.com,Bertine.Phi@gmail.com,worker,762,762,762
862,Zsa Zsa,Morrill,Zsa Zsa.Morrill@yopmail.com,Zsa Zsa.Morrill@gmail.com,worker,763,763,763
863,Lucy,Giff,Lucy.Giff@yopmail.com,Lucy.Giff@gmail.com,firefighter,764,764,764
864,Tami,Nerita,Tami.Nerita@yopmail.com,Tami.Nerita@gmail.com,worker,765,765,765
865,Lulita,Guthrie,Lulita.Guthrie@yopmail.com,Lulita.Guthrie@gmail.com,doctor,766,766,766
866,Aurelie,Urania,Aurelie.Urania@yopmail.com,Aurelie.Urania@gmail.com,firefighter,767,767,767
867,Vita,Florina,Vita.Florina@yopmail.com,Vita.Florina@gmail.com,firefighter,768,768,768
868,Alyssa,Sekofski,Alyssa.Sekofski@yopmail.com,Alyssa.Sekofski@gmail.com,police officer,769,769,769
869,Ofilia,Erskine,Ofilia.Erskine@yopmail.com,Ofilia.Erskine@gmail.com,firefighter,770,770,770
870,Robbi,Nelsen,Robbi.Nelsen@yopmail.com,Robbi.Nelsen@gmail.com,developer,771,771,771
871,Andeee,Sawtelle,Andeee.Sawtelle@yopmail.com,Andeee.Sawtelle@gmail.com,police officer,772,772,772
872,Lexine,Taima,Lexine.Taima@yopmail.com,Lexine.Taima@gmail.com,firefighter,773,773,773
873,Oralee,Baudin,Oralee.Baudin@yopmail.com,Oralee.Baudin@gmail.com,firefighter,774,774,774
874,Cindelyn,Munn,Cindelyn.Munn@yopmail.com,Cindelyn.Munn@gmail.com,doctor,775,775,775
875,Jordan,Alabaster,Jordan.Alabaster@yopmail.com,Jordan.Alabaster@gmail.com,doctor,776,776,776
876,Blake,Faro,Blake.Faro@yopmail.com,Blake.Faro@gmail.com,developer,777,777,777
877,Celene,Dudley,Celene.Dudley@yopmail.com,Celene.Dudley@gmail.com,firefighter,778,778,778
878,Clarice,Henrie,Clarice.Henrie@yopmail.com,Clarice.Henrie@gmail.com,worker,779,779,779
879,Inga,Olympium,Inga.Olympium@yopmail.com,Inga.Olympium@gmail.com,doctor,780,780,780
880,Cordi,Fredi,Cordi.Fredi@yopmail.com,Cordi.Fredi@gmail.com,worker,781,781,781
881,Georgetta,Fulmer,Georgetta.Fulmer@yopmail.com,Georgetta.Fulmer@gmail.com,worker,782,782,782
882,Amelia,Saunderson,Amelia.Saunderson@yopmail.com,Amelia.Saunderson@gmail.com,developer,783,783,783
883,Kate,Alexandr,Kate.Alexandr@yopmail.com,Kate.Alexandr@gmail.com,worker,784,784,784
884,Marcy,Callista,Marcy.Callista@yopmail.com,Marcy.Callista@gmail.com,doctor,785,785,785
885,Melisent,Anderea,Melisent.Anderea@yopmail.com,Melisent.Anderea@gmail.com,worker,786,786,786
886,Liana,Manolo,Liana.Manolo@yopmail.com,Liana.Manolo@gmail.com,worker,787,787,787
887,Lily,Maiah,Lily.Maiah@yopmail.com,Lily.Maiah@gmail.com,firefighter,788,788,788
888,June,Amadas,June.Amadas@yopmail.com,June.Amadas@gmail.com,police officer,789,789,789
889,Janenna,Garek,Janenna.Garek@yopmail.com,Janenna.Garek@gmail.com,worker,790,790,790
890,Cherilyn,Cassius,Cherilyn.Cassius@yopmail.com,Cherilyn.Cassius@gmail.com,worker,791,791,791
891,Goldie,Christal,Goldie.Christal@yopmail.com,Goldie.Christal@gmail.com,worker,792,792,792
892,Layla,Kimmie,Layla.Kimmie@yopmail.com,Layla.Kimmie@gmail.com,firefighter,793,793,793
893,Mallory,Erskine,Mallory.Erskine@yopmail.com,Mallory.Erskine@gmail.com,police officer,794,794,794
894,Ilse,Brandice,Ilse.Brandice@yopmail.com,Ilse.Brandice@gmail.com,police officer,795,795,795
895,Tori,Clywd,Tori.Clywd@yopmail.com,Tori.Clywd@gmail.com,worker,796,796,796
896,Kristan,Yoko,Kristan.Yoko@yopmail.com,Kristan.Yoko@gmail.com,developer,797,797,797
897,Aurore,Jacinda,Aurore.Jacinda@yopmail.com,Aurore.Jacinda@gmail.com,developer,798,798,798
898,Annora,Kannry,Annora.Kannry@yopmail.com,Annora.Kannry@gmail.com,police officer,799,799,799
899,Xylina,Gavrila,Xylina.Gavrila@yopmail.com,Xylina.Gavrila@gmail.com,firefighter,800,800,800
900,Allis,Vale,Allis.Vale@yopmail.com,Allis.Vale@gmail.com,worker,801,801,801
901,Rosanne,Revkah,Rosanne.Revkah@yopmail.com,Rosanne.Revkah@gmail.com,police officer,802,802,802
902,Celisse,Alarise,Celisse.Alarise@yopmail.com,Celisse.Alarise@gmail.com,firefighter,803,803,803
903,Kirbee,Magdalen,Kirbee.Magdalen@yopmail.com,Kirbee.Magdalen@gmail.com,firefighter,804,804,804
904,Hermione,Destinee,Hermione.Destinee@yopmail.com,Hermione.Destinee@gmail.com,firefighter,805,805,805
905,Rozele,Melan,Rozele.Melan@yopmail.com,Rozele.Melan@gmail.com,developer,806,806,806
906,Evita,Fadiman,Evita.Fadiman@yopmail.com,Evita.Fadiman@gmail.com,doctor,807,807,807
907,Catrina,Donell,Catrina.Donell@yopmail.com,Catrina.Donell@gmail.com,developer,808,808,808
908,Meg,Lewes,Meg.Lewes@yopmail.com,Meg.Lewes@gmail.com,developer,809,809,809
909,Aryn,Aloise,Aryn.Aloise@yopmail.com,Aryn.Aloise@gmail.com,police officer,810,810,810
910,Maurene,Travax,Maurene.Travax@yopmail.com,Maurene.Travax@gmail.com,doctor,811,811,811
911,Dione,Denis,Dione.Denis@yopmail.com,Dione.Denis@gmail.com,worker,812,812,812
912,Katleen,Tacye,Katleen.Tacye@yopmail.com,Katleen.Tacye@gmail.com,firefighter,813,813,813
913,Betta,Deny,Betta.Deny@yopmail.com,Betta.Deny@gmail.com,worker,814,814,814
914,Ann-Marie,Masao,Ann-Marie.Masao@yopmail.com,Ann-Marie.Masao@gmail.com,police officer,815,815,815
915,Sadie,Ashely,Sadie.Ashely@yopmail.com,Sadie.Ashely@gmail.com,police officer,816,816,816
916,Marguerite,Thar,Marguerite.Thar@yopmail.com,Marguerite.Thar@gmail.com,firefighter,817,817,817
917,Kaja,Trinetta,Kaja.Trinetta@yopmail.com,Kaja.Trinetta@gmail.com,doctor,818,818,818
918,Phedra,Ade,Phedra.Ade@yopmail.com,Phedra.Ade@gmail.com,police officer,819,819,819
919,Almeta,Silvan,Almeta.Silvan@yopmail.com,Almeta.Silvan@gmail.com,worker,820,820,820
920,Mara,Mandler,Mara.Mandler@yopmail.com,Mara.Mandler@gmail.com,police officer,821,821,821
921,Donnie,Fosque,Donnie.Fosque@yopmail.com,Donnie.Fosque@gmail.com,developer,822,822,822
922,Stephanie,Dalli,Stephanie.Dalli@yopmail.com,Stephanie.Dalli@gmail.com,worker,823,823,823
923,Dulcinea,Lipson,Dulcinea.Lipson@yopmail.com,Dulcinea.Lipson@gmail.com,developer,824,824,824
924,Ruthe,Edison,Ruthe.Edison@yopmail.com,Ruthe.Edison@gmail.com,firefighter,825,825,825
925,Agathe,Claudine,Agathe.Claudine@yopmail.com,Agathe.Claudine@gmail.com,worker,826,826,826
926,Sindee,Weide,Sindee.Weide@yopmail.com,Sindee.Weide@gmail.com,doctor,827,827,827
927,Penelopa,Wilkinson,Penelopa.Wilkinson@yopmail.com,Penelopa.Wilkinson@gmail.com,doctor,828,828,828
928,Verla,Anderea,Verla.Anderea@yopmail.com,Verla.Anderea@gmail.com,firefighter,829,829,829
929,Marleah,Whiffen,Marleah.Whiffen@yopmail.com,Marleah.Whiffen@gmail.com,worker,830,830,830
930,Bernie,Pattin,Bernie.Pattin@yopmail.com,Bernie.Pattin@gmail.com,developer,831,831,831
931,Talya,Bord,Talya.Bord@yopmail.com,Talya.Bord@gmail.com,firefighter,832,832,832
932,Danny,Drus,Danny.Drus@yopmail.com,Danny.Drus@gmail.com,police officer,833,833,833
933,Melisent,Briney,Melisent.Briney@yopmail.com,Melisent.Briney@gmail.com,police officer,834,834,834
934,Harrietta,Franza,Harrietta.Franza@yopmail.com,Harrietta.Franza@gmail.com,doctor,835,835,835
935,Kirstin,Jeanne,Kirstin.Jeanne@yopmail.com,Kirstin.Jeanne@gmail.com,doctor,836,836,836
936,Edee,Thar,Edee.Thar@yopmail.com,Edee.Thar@gmail.com,police officer,837,837,837
937,Gerrie,Kristi,Gerrie.Kristi@yopmail.com,Gerrie.Kristi@gmail.com,firefighter,838,838,838
938,Kittie,Schlosser,Kittie.Schlosser@yopmail.com,Kittie.Schlosser@gmail.com,doctor,839,839,839
939,Korrie,Koehler,Korrie.Koehler@yopmail.com,Korrie.Koehler@gmail.com,developer,840,840,840
940,Moyna,Mullane,Moyna.Mullane@yopmail.com,Moyna.Mullane@gmail.com,firefighter,841,841,841
941,Brooks,Sprage,Brooks.Sprage@yopmail.com,Brooks.Sprage@gmail.com,developer,842,842,842
942,Melodie,Ferrell,Melodie.Ferrell@yopmail.com,Melodie.Ferrell@gmail.com,worker,843,843,843
943,Laure,Lacombe,Laure.Lacombe@yopmail.com,Laure.Lacombe@gmail.com,police officer,844,844,844
944,Robbi,Erich,Robbi.Erich@yopmail.com,Robbi.Erich@gmail.com,doctor,845,845,845
945,Ashlee,Ethban,Ashlee.Ethban@yopmail.com,Ashlee.Ethban@gmail.com,developer,846,846,846
946,Brandise,Angelis,Brandise.Angelis@yopmail.com,Brandise.Angelis@gmail.com,developer,847,847,847
947,Nanete,Klemperer,Nanete.Klemperer@yopmail.com,Nanete.Klemperer@gmail.com,firefighter,848,848,848
948,Elora,Shirberg,Elora.Shirberg@yopmail.com,Elora.Shirberg@gmail.com,firefighter,849,849,849
949,Vevay,Emmy,Vevay.Emmy@yopmail.com,Vevay.Emmy@gmail.com,developer,850,850,850
950,Caressa,Idelia,Caressa.Idelia@yopmail.com,Caressa.Idelia@gmail.com,firefighter,851,851,851
951,Fanny,Jacqui,Fanny.Jacqui@yopmail.com,Fanny.Jacqui@gmail.com,worker,852,852,852
952,Almeta,Abbot,Almeta.Abbot@yopmail.com,Almeta.Abbot@gmail.com,police officer,853,853,853
953,Consuela,Myrilla,Consuela.Myrilla@yopmail.com,Consuela.Myrilla@gmail.com,worker,854,854,854
954,Danika,Stover,Danika.Stover@yopmail.com,Danika.Stover@gmail.com,doctor,855,855,855
955,Sharlene,Alexandr,Sharlene.Alexandr@yopmail.com,Sharlene.Alexandr@gmail.com,police officer,856,856,856
956,Dorene,Eben,Dorene.Eben@yopmail.com,Dorene.Eben@gmail.com,firefighter,857,857,857
957,Flory,Jehu,Flory.Jehu@yopmail.com,Flory.Jehu@gmail.com,police officer,858,858,858
958,Hyacinthe,Winnick,Hyacinthe.Winnick@yopmail.com,Hyacinthe.Winnick@gmail.com,worker,859,859,859
959,Hildegaard,Raffo,Hildegaard.Raffo@yopmail.com,Hildegaard.Raffo@gmail.com,worker,860,860,860
960,Ingrid,Nicoline,Ingrid.Nicoline@yopmail.com,Ingrid.Nicoline@gmail.com,developer,861,861,861
961,Dawn,Cohdwell,Dawn.Cohdwell@yopmail.com,Dawn.Cohdwell@gmail.com,firefighter,862,862,862
962,Jackie,Hunfredo,Jackie.Hunfredo@yopmail.com,Jackie.Hunfredo@gmail.com,developer,863,863,863
963,Pamella,Clarissa,Pamella.Clarissa@yopmail.com,Pamella.Clarissa@gmail.com,developer,864,864,864
964,Dennie,Peonir,Dennie.Peonir@yopmail.com,Dennie.Peonir@gmail.com,worker,865,865,865
965,Keelia,Dahlia,Keelia.Dahlia@yopmail.com,Keelia.Dahlia@gmail.com,worker,866,866,866
966,Pamella,Obed,Pamella.Obed@yopmail.com,Pamella.Obed@gmail.com,police officer,867,867,867
967,Nelle,Lynn,Nelle.Lynn@yopmail.com,Nelle.Lynn@gmail.com,worker,868,868,868
968,Lolita,Raseda,Lolita.Raseda@yopmail.com,Lolita.Raseda@gmail.com,firefighter,869,869,869
969,Daphne,Lunsford,Daphne.Lunsford@yopmail.com,Daphne.Lunsford@gmail.com,police officer,870,870,870
970,Shel,Malina,Shel.Malina@yopmail.com,Shel.Malina@gmail.com,worker,871,871,871
971,Clary,Tiffa,Clary.Tiffa@yopmail.com,Clary.Tiffa@gmail.com,doctor,872,872,872
972,Ebonee,Sundin,Ebonee.Sundin@yopmail.com,Ebonee.Sundin@gmail.com,police officer,873,873,873
973,Joy,Zola,Joy.Zola@yopmail.com,Joy.Zola@gmail.com,police officer,874,874,874
974,Gisela,Dimitris,Gisela.Dimitris@yopmail.com,Gisela.Dimitris@gmail.com,police officer,875,875,875
975,Janenna,Carleen,Janenna.Carleen@yopmail.com,Janenna.Carleen@gmail.com,police officer,876,876,876
976,Anallese,Mullane,Anallese.Mullane@yopmail.com,Anallese.Mullane@gmail.com,firefighter,877,877,877
977,Marti,Gualtiero,Marti.Gualtiero@yopmail.com,Marti.Gualtiero@gmail.com,firefighter,878,878,878
978,Veda,Reidar,Veda.Reidar@yopmail.com,Veda.Reidar@gmail.com,doctor,879,879,879
979,Ada,Sidonius,Ada.Sidonius@yopmail.com,Ada.Sidonius@gmail.com,worker,880,880,880
980,Chere,Lilybelle,Chere.Lilybelle@yopmail.com,Chere.Lilybelle@gmail.com,police officer,881,881,881
981,Madalyn,Vins,Madalyn.Vins@yopmail.com,Madalyn.Vins@gmail.com,developer,882,882,882
982,Kathi,Pearse,Kathi.Pearse@yopmail.com,Kathi.Pearse@gmail.com,developer,883,883,883
983,Devina,Sammons,Devina.Sammons@yopmail.com,Devina.Sammons@gmail.com,developer,884,884,884
984,Dorice,Felecia,Dorice.Felecia@yopmail.com,Dorice.Felecia@gmail.com,firefighter,885,885,885
985,Bee,Thad,Bee.Thad@yopmail.com,Bee.Thad@gmail.com,developer,886,886,886
986,Dagmar,Willie,Dagmar.Willie@yopmail.com,Dagmar.Willie@gmail.com,firefighter,887,887,887
987,Cathie,Maurine,Cathie.Maurine@yopmail.com,Cathie.Maurine@gmail.com,worker,888,888,888
988,Glenda,Saree,Glenda.Saree@yopmail.com,Glenda.Saree@gmail.com,developer,889,889,889
989,Gerianna,Abbot,Gerianna.Abbot@yopmail.com,Gerianna.Abbot@gmail.com,firefighter,890,890,890
990,Babita,Sisile,Babita.Sisile@yopmail.com,Babita.Sisile@gmail.com,doctor,891,891,891
991,Laurene,Pierette,Laurene.Pierette@yopmail.com,Laurene.Pierette@gmail.com,worker,892,892,892
992,Orsola,Lymann,Orsola.Lymann@yopmail.com,Orsola.Lymann@gmail.com,developer,893,893,893
993,Ronna,Judye,Ronna.Judye@yopmail.com,Ronna.Judye@gmail.com,worker,894,894,894
994,Nessie,Denis,Nessie.Denis@yopmail.com,Nessie.Denis@gmail.com,developer,895,895,895
995,Elyssa,Schalles,Elyssa.Schalles@yopmail.com,Elyssa.Schalles@gmail.com,firefighter,896,896,896
996,Molli,Jefferey,Molli.Jefferey@yopmail.com,Molli.Jefferey@gmail.com,police officer,897,897,897
997,Farrah,Pelagias,Farrah.Pelagias@yopmail.com,Farrah.Pelagias@gmail.com,doctor,898,898,898
998,Hope,Skell,Hope.Skell@yopmail.com,Hope.Skell@gmail.com,developer,899,899,899
999,Vivia,Dichy,Vivia.Dichy@yopmail.com,Vivia.Dichy@gmail.com,police officer,900,900,900
1000,Viviene,Nickola,Viviene.Nickola@yopmail.com,Viviene.Nickola@gmail.com,firefighter,901,901,901
1001,Ginnie,Brittani,Ginnie.Brittani@yopmail.com,Ginnie.Brittani@gmail.com,firefighter,902,902,902
1002,Candy,Durante,Candy.Durante@yopmail.com,Candy.Durante@gmail.com,police officer,903,903,903
1003,Cacilie,Tybald,Cacilie.Tybald@yopmail.com,Cacilie.Tybald@gmail.com,worker,904,904,904
1004,Jean,Seumas,Jean.Seumas@yopmail.com,Jean.Seumas@gmail.com,police officer,905,905,905
1005,Jean,Mike,Jean.Mike@yopmail.com,Jean.Mike@gmail.com,developer,906,906,906
1006,Darci,Land,Darci.Land@yopmail.com,Darci.Land@gmail.com,doctor,907,907,907
1007,Florencia,Faust,Florencia.Faust@yopmail.com,Florencia.Faust@gmail.com,doctor,908,908,908
1008,Nannie,Haymes,Nannie.Haymes@yopmail.com,Nannie.Haymes@gmail.com,firefighter,909,909,909
1009,Fredericka,Kesley,Fredericka.Kesley@yopmail.com,Fredericka.Kesley@gmail.com,doctor,910,910,910
1010,Deedee,Karl,Deedee.Karl@yopmail.com,Deedee.Karl@gmail.com,developer,911,911,911
1011,Tybie,Frendel,Tybie.Frendel@yopmail.com,Tybie.Frendel@gmail.com,doctor,912,912,912
1012,Moyna,Shuler,Moyna.Shuler@yopmail.com,Moyna.Shuler@gmail.com,worker,913,913,913
1013,Mamie,Magdalen,Mamie.Magdalen@yopmail.com,Mamie.Magdalen@gmail.com,police officer,914,914,914
1014,Consuela,Erb,Consuela.Erb@yopmail.com,Consuela.Erb@gmail.com,developer,915,915,915
1015,Eolanda,Latini,Eolanda.Latini@yopmail.com,Eolanda.Latini@gmail.com,developer,916,916,916
1016,Margarette,Luhe,Margarette.Luhe@yopmail.com,Margarette.Luhe@gmail.com,police officer,917,917,917
1017,Gratia,Odell,Gratia.Odell@yopmail.com,Gratia.Odell@gmail.com,doctor,918,918,918
1018,Karly,Iphlgenia,Karly.Iphlgenia@yopmail.com,Karly.Iphlgenia@gmail.com,developer,919,919,919
1019,Nessie,Kellby,Nessie.Kellby@yopmail.com,Nessie.Kellby@gmail.com,developer,920,920,920
1020,Stevana,Rad,Stevana.Rad@yopmail.com,Stevana.Rad@gmail.com,doctor,921,921,921
1021,Dorthy,Wolfgram,Dorthy.Wolfgram@yopmail.com,Dorthy.Wolfgram@gmail.com,developer,922,922,922
1022,Lindie,Lucienne,Lindie.Lucienne@yopmail.com,Lindie.Lucienne@gmail.com,developer,923,923,923
1023,Ann-Marie,Roche,Ann-Marie.Roche@yopmail.com,Ann-Marie.Roche@gmail.com,doctor,924,924,924
1024,Suzette,Carey,Suzette.Carey@yopmail.com,Suzette.Carey@gmail.com,worker,925,925,925
1025,Penelopa,Sawtelle,Penelopa.Sawtelle@yopmail.com,Penelopa.Sawtelle@gmail.com,doctor,926,926,926
1026,Lita,Carleen,Lita.Carleen@yopmail.com,Lita.Carleen@gmail.com,developer,927,927,927
1027,Oona,Travax,Oona.Travax@yopmail.com,Oona.Travax@gmail.com,firefighter,928,928,928
1028,Brynna,Natalia,Brynna.Natalia@yopmail.com,Brynna.Natalia@gmail.com,developer,929,929,929
1029,Gisela,Iaverne,Gisela.Iaverne@yopmail.com,Gisela.Iaverne@gmail.com,developer,930,930,930
1030,Ronna,Westphal,Ronna.Westphal@yopmail.com,Ronna.Westphal@gmail.com,doctor,931,931,931
1031,Addia,Hieronymus,Addia.Hieronymus@yopmail.com,Addia.Hieronymus@gmail.com,worker,932,932,932
1032,Amara,Hilbert,Amara.Hilbert@yopmail.com,Amara.Hilbert@gmail.com,developer,933,933,933
1033,Trudie,Caitlin,Trudie.Caitlin@yopmail.com,Trudie.Caitlin@gmail.com,worker,934,934,934
1034,Penelopa,Federica,Penelopa.Federica@yopmail.com,Penelopa.Federica@gmail.com,firefighter,935,935,935
1035,Alia,Colyer,Alia.Colyer@yopmail.com,Alia.Colyer@gmail.com,worker,936,936,936
1036,Olwen,Ball,Olwen.Ball@yopmail.com,Olwen.Ball@gmail.com,police officer,937,937,937
1037,Maridel,Gladstone,Maridel.Gladstone@yopmail.com,Maridel.Gladstone@gmail.com,police officer,938,938,938
1038,Kirbee,Tryck,Kirbee.Tryck@yopmail.com,Kirbee.Tryck@gmail.com,doctor,939,939,939
1039,Fred,Vastah,Fred.Vastah@yopmail.com,Fred.Vastah@gmail.com,developer,940,940,940
1040,Rayna,Jary,Rayna.Jary@yopmail.com,Rayna.Jary@gmail.com,worker,941,941,941
1041,Merle,Gaal,Merle.Gaal@yopmail.com,Merle.Gaal@gmail.com,worker,942,942,942
1042,Rhea,Lail,Rhea.Lail@yopmail.com,Rhea.Lail@gmail.com,worker,943,943,943
1043,Rozele,Ogren,Rozele.Ogren@yopmail.com,Rozele.Ogren@gmail.com,developer,944,944,944
1044,Lisette,Hoban,Lisette.Hoban@yopmail.com,Lisette.Hoban@gmail.com,police officer,945,945,945
1045,Johna,Torray,Johna.Torray@yopmail.com,Johna.Torray@gmail.com,police officer,946,946,946
1046,Ethel,Carri,Ethel.Carri@yopmail.com,Ethel.Carri@gmail.com,doctor,947,947,947
1047,Trixi,Annice,Trixi.Annice@yopmail.com,Trixi.Annice@gmail.com,developer,948,948,948
1048,Valera,Philoo,Valera.Philoo@yopmail.com,Valera.Philoo@gmail.com,police officer,949,949,949
1049,Miquela,Corrine,Miquela.Corrine@yopmail.com,Miquela.Corrine@gmail.com,worker,950,950,950
1050,Dulce,Ammann,Dulce.Ammann@yopmail.com,Dulce.Ammann@gmail.com,police officer,951,951,951
1051,Gabi,Rossner,Gabi.Rossner@yopmail.com,Gabi.Rossner@gmail.com,doctor,952,952,952
1052,Leeanne,Bethany,Leeanne.Bethany@yopmail.com,Leeanne.Bethany@gmail.com,developer,953,953,953
1053,Juliane,Bronk,Juliane.Bronk@yopmail.com,Juliane.Bronk@gmail.com,doctor,954,954,954
1054,Shaine,Stevy,Shaine.Stevy@yopmail.com,Shaine.Stevy@gmail.com,worker,955,955,955
1055,Phylis,Bobbee,Phylis.Bobbee@yopmail.com,Phylis.Bobbee@gmail.com,police officer,956,956,956
1056,Meg,Bonilla,Meg.Bonilla@yopmail.com,Meg.Bonilla@gmail.com,worker,957,957,957
1057,Corene,Luhe,Corene.Luhe@yopmail.com,Corene.Luhe@gmail.com,doctor,958,958,958
1058,Merry,Chesna,Merry.Chesna@yopmail.com,Merry.Chesna@gmail.com,firefighter,959,959,959
1059,Alexine,Moina,Alexine.Moina@yopmail.com,Alexine.Moina@gmail.com,worker,960,960,960
1060,Wilma,Tayib,Wilma.Tayib@yopmail.com,Wilma.Tayib@gmail.com,worker,961,961,961
1061,Nicoli,Elephus,Nicoli.Elephus@yopmail.com,Nicoli.Elephus@gmail.com,doctor,962,962,962
1062,Hildegaard,Cookie,Hildegaard.Cookie@yopmail.com,Hildegaard.Cookie@gmail.com,firefighter,963,963,963
1063,Adriana,Nickola,Adriana.Nickola@yopmail.com,Adriana.Nickola@gmail.com,firefighter,964,964,964
1064,Brandise,Haldas,Brandise.Haldas@yopmail.com,Brandise.Haldas@gmail.com,police officer,965,965,965
1065,Nannie,Bakerman,Nannie.Bakerman@yopmail.com,Nannie.Bakerman@gmail.com,police officer,966,966,966
1066,Cathyleen,Wildermuth,Cathyleen.Wildermuth@yopmail.com,Cathyleen.Wildermuth@gmail.com,worker,967,967,967
1067,Willetta,Berriman,Willetta.Berriman@yopmail.com,Willetta.Berriman@gmail.com,developer,968,968,968
1068,Anallese,Cullin,Anallese.Cullin@yopmail.com,Anallese.Cullin@gmail.com,doctor,969,969,969
1069,Kaia,Ogren,Kaia.Ogren@yopmail.com,Kaia.Ogren@gmail.com,firefighter,970,970,970
1070,Concettina,Oscar,Concettina.Oscar@yopmail.com,Concettina.Oscar@gmail.com,police officer,971,971,971
1071,Lucy,Erminia,Lucy.Erminia@yopmail.com,Lucy.Erminia@gmail.com,firefighter,972,972,972
1072,Eadie,Masao,Eadie.Masao@yopmail.com,Eadie.Masao@gmail.com,developer,973,973,973
1073,Cissiee,Lilybelle,Cissiee.Lilybelle@yopmail.com,Cissiee.Lilybelle@gmail.com,developer,974,974,974
1074,Louella,Nea,Louella.Nea@yopmail.com,Louella.Nea@gmail.com,worker,975,975,975
1075,Ada,Gregrory,Ada.Gregrory@yopmail.com,Ada.Gregrory@gmail.com,developer,976,976,976
1076,Georgetta,Mott,Georgetta.Mott@yopmail.com,Georgetta.Mott@gmail.com,doctor,977,977,977
1077,Alex,Tristram,Alex.Tristram@yopmail.com,Alex.Tristram@gmail.com,firefighter,978,978,978
1078,Kirstin,Ries,Kirstin.Ries@yopmail.com,Kirstin.Ries@gmail.com,firefighter,979,979,979
1079,Dede,Armanda,Dede.Armanda@yopmail.com,Dede.Armanda@gmail.com,firefighter,980,980,980
1080,Johna,Heidt,Johna.Heidt@yopmail.com,Johna.Heidt@gmail.com,worker,981,981,981
1081,Alyssa,Alfons,Alyssa.Alfons@yopmail.com,Alyssa.Alfons@gmail.com,firefighter,982,982,982
1082,Raf,Eldrid,Raf.Eldrid@yopmail.com,Raf.Eldrid@gmail.com,firefighter,983,983,983
1083,Flory,Sholley,Flory.Sholley@yopmail.com,Flory.Sholley@gmail.com,firefighter,984,984,984
1084,Alameda,Sheng,Alameda.Sheng@yopmail.com,Alameda.Sheng@gmail.com,police officer,985,985,985
1085,Aurelie,Hebner,Aurelie.Hebner@yopmail.com,Aurelie.Hebner@gmail.com,police officer,986,986,986
1086,Arabel,Kellby,Arabel.Kellby@yopmail.com,Arabel.Kellby@gmail.com,police officer,987,987,987
1087,Genovera,Means,Genovera.Means@yopmail.com,Genovera.Means@gmail.com,doctor,988,988,988
1088,Amii,Burkle,Amii.Burkle@yopmail.com,Amii.Burkle@gmail.com,worker,989,989,989
1089,Ketti,Jaylene,Ketti.Jaylene@yopmail.com,Ketti.Jaylene@gmail.com,doctor,990,990,990
1090,Sheree,Mehalek,Sheree.Mehalek@yopmail.com,Sheree.Mehalek@gmail.com,developer,991,991,991
1091,Keelia,Gale,Keelia.Gale@yopmail.com,Keelia.Gale@gmail.com,doctor,992,992,992
1092,Brena,Maurine,Brena.Maurine@yopmail.com,Brena.Maurine@gmail.com,doctor,993,993,993
1093,Brynna,Rogerio,Brynna.Rogerio@yopmail.com,Brynna.Rogerio@gmail.com,worker,994,994,994
1094,Zaria,Sallyann,Zaria.Sallyann@yopmail.com,Zaria.Sallyann@gmail.com,developer,995,995,995
1095,Leona,Goth,Leona.Goth@yopmail.com,Leona.Goth@gmail.com,police officer,996,996,996
1096,Camile,Hertzfeld,Camile.Hertzfeld@yopmail.com,Camile.Hertzfeld@gmail.com,developer,997,997,997
1097,Therine,Annabella,Therine.Annabella@yopmail.com,Therine.Annabella@gmail.com,police officer,998,998,998
1098,Mahalia,Quinn,Mahalia.Quinn@yopmail.com,Mahalia.Quinn@gmail.com,firefighter,999,999,999
1099,Ulrike,Levey,Ulrike.Levey@yopmail.com,Ulrike.Levey@gmail.com,worker,1000,1000,1000